timestep,reward,forward_vel,torso_z,ctrl_cost,alive_bonus,fall_penalty
1,10.0,-0.07081223675206147,0.29996076,0.0012300644,5.0,0.0
2,2.0195131301879883,0.00042628049598932786,0.29988227952181123,0.0020194899,5.0,0.0
3,1.237536907196045,-0.043893294134227656,0.2997645565669875,0.0023642504,5.0,0.0
4,0.9311141967773438,0.12338083924668343,0.2996076004316677,0.0025327085,5.0,0.0
5,0.7337673902511597,0.10940133796141653,0.2994113886065304,0.00355529,5.0,0.0
6,0.6063565015792847,0.08632694217577015,0.29917595035080324,0.002978278,5.0,0.0
7,0.5053869485855103,-0.07033995011274165,0.29890125887748625,0.0017268611,5.0,0.0
8,0.4422350525856018,-0.0985055300524829,0.2985873324276712,0.0019480239,5.0,0.0
9,0.4334939420223236,0.4085107889074395,0.2982341667748603,0.004044071,5.0,0.0
10,0.39182284474372864,0.4434079231513656,0.29784176103972376,0.0023208286,5.0,0.0
11,0.3559460937976837,0.45464033019959016,0.29741012119683036,0.0021969934,5.0,0.0
12,0.31382036209106445,0.2503226493506707,0.2969392375563521,0.0023686693,5.0,0.0
13,0.2716451585292816,-0.09087756053100716,0.29642912470236776,0.0025364775,5.0,0.0
14,0.23714275658130646,-0.4140676197285044,0.29587978362940703,0.00473852,5.0,0.0
15,0.23700450360774994,-0.12970056709105773,0.295291187796745,0.0013539916,5.0,0.0
16,0.23278634250164032,0.06895316965217085,0.29466333750431517,0.0026298873,5.0,0.0
17,0.20144043862819672,-0.375891147065808,0.29399625847978195,0.0038887076,5.0,0.0
18,0.2011568397283554,-0.15226698775659117,0.2932899453432311,0.0019109413,5.0,0.0
19,0.195778027176857,-0.058301288169760254,0.29254438291385926,0.0011767687,5.0,0.0
20,0.20647111535072327,0.45659488616922544,0.2917595723815074,0.0031350136,5.0,0.0
21,0.1779124140739441,-0.09109311460673994,0.2909355311726642,0.0037497361,5.0,0.0
22,0.1742040365934372,0.00432556989137191,0.2900722561914896,0.0015216238,5.0,0.0
23,0.1776866316795349,0.3106936076880885,0.28916971785151707,0.002102556,5.0,0.0
24,0.16936062276363373,0.2583523644490845,0.28822793510025335,0.0019162585,5.0,0.0
25,0.1628502607345581,0.24580761845150725,0.2872469150428757,0.002546448,5.0,0.0
26,0.14556896686553955,-0.1453908049224244,0.28622669659448324,0.0028603866,5.0,0.0
27,0.14665614068508148,0.05440162487396214,0.2851672435411257,0.0020929417,5.0,0.0
28,0.1426500827074051,0.07577649758165782,0.2840685096429836,0.0031885116,5.0,0.0
29,0.13834291696548462,0.07304659435237254,0.28293053601467855,0.0016218191,5.0,0.0
30,0.13319571316242218,0.029564785052046606,0.28175333068192143,0.0022469335,5.0,0.0
31,0.12989075481891632,0.044363183137364766,0.28053687049705717,0.0023565385,5.0,0.0
32,0.13591960072517395,0.42504373755678904,0.2792811549979519,0.002123211,5.0,0.0
33,0.1327221840620041,0.4424706750596676,0.2779861837954806,0.0029714718,5.0,0.0
34,0.12577295303344727,0.2954513218238743,0.27665195712670504,0.0046696546,5.0,0.0
35,0.1149134412407875,-0.04275609305099311,0.27527852909771355,0.0012876983,5.0,0.0
36,0.11424604058265686,0.050290783246707126,0.2738658541341561,0.0035408111,5.0,0.0
37,0.11755530536174774,0.31883759521966276,0.27241397444778165,0.0031751601,5.0,0.0
38,0.11155210435390472,0.16124763704557069,0.270922841311299,0.001724283,5.0,0.0
39,0.11300203204154968,0.3467207016701442,0.26939242764085625,0.0036268407,5.0,0.0
40,0.10859869420528412,0.24747971019662368,0.2678227912126321,0.0014436204,5.0,0.0
41,0.10300955176353455,0.08239461500087861,0.26621391550922135,0.0024032025,5.0,0.0
42,0.10071241855621338,0.06921970678213504,0.2645658270437293,0.0023242116,5.0,0.0
43,0.09916770458221436,0.0891158324420972,0.2628784745070435,0.0025726797,5.0,0.0
44,0.1015387549996376,0.31127311495580456,0.2611518665815659,0.0038904864,5.0,0.0
45,0.09842569380998611,0.24120665504923677,0.25938606066993314,0.0011042539,5.0,0.0
46,0.0914306640625,-0.04262248020199072,0.25758103880522726,0.002640526,5.0,0.0
47,0.0878341868519783,-0.15537393960813323,0.2557367705697231,0.0029620724,5.0,0.0
48,0.09214729815721512,0.16608194648166766,0.25385322038478964,0.0016136783,5.0,0.0
49,0.0885099247097969,0.04401850499928555,0.2519304362283652,0.0028242455,5.0,0.0
50,0.08399363607168198,-0.1385865130175019,0.24996840727604164,0.0024772715,5.0,0.0
51,0.08257587254047394,-0.14756520147284855,0.24796713355349262,0.0032221184,5.0,0.0
52,0.08044474571943283,-0.20248969338835898,0.24592665983049164,0.0044597047,5.0,0.0
53,0.0799928680062294,-0.16350157870825452,0.2438469413182832,0.0030291846,5.0,0.0
54,0.07654391974210739,-0.3095900036575796,0.24172794710496934,0.0023609751,5.0,0.0
55,0.07604154944419861,-0.28009462600567686,0.23956978593140799,0.0013578916,5.0,0.0
56,0.07865775376558304,-0.054858758844896854,0.23737231468168973,0.0016656648,5.0,0.0
57,0.07427719235420227,-0.26885986322490285,0.23513564243083135,0.0050288984,5.0,0.0
58,0.07849358022212982,0.05730999503042751,0.23285969309520405,0.0021682852,5.0,0.0
59,0.08014082163572311,0.22585942982404117,0.23054451715892943,0.0027588985,5.0,0.0
60,0.07562503963708878,-0.011182219143836502,0.22819012530002042,0.0022757985,5.0,0.0
61,0.07061351835727692,-0.28710852422541394,0.22579647984044451,0.00394271,5.0,0.0
62,0.07119234651327133,-0.19766800073196314,0.22336358307658227,0.0023638452,5.0,0.0
63,0.06968694925308228,-0.2504425830766477,0.22142075141597747,0.0006796797,5.0,0.0
64,0.06467178463935852,-0.5440534554064965,0.2198906918210319,0.0033042107,5.0,0.0
65,0.08150097727775574,0.6741752678479648,0.21870907397905426,0.0046710283,5.0,0.0
66,0.0783173143863678,0.5067040045519506,0.21781789633381757,0.0023891868,5.0,0.0
67,0.07511749863624573,0.33657192792600193,0.21718355154908234,0.0031649978,5.0,0.0
68,0.07775941491127014,0.580630708337961,0.21674858444508557,0.0033780334,5.0,0.0
69,0.08586955815553665,1.2243931866653806,0.21649485353875944,0.0017270995,5.0,0.0
70,0.0777457132935524,0.69458492183417,0.2163768974070153,0.002550267,5.0,0.0
71,0.07662063837051392,0.6697385450681796,0.21636878460881753,0.0025699004,5.0,0.0
72,0.0773162841796875,0.7811444601145989,0.21644621874611447,0.004100417,5.0,0.0
73,0.07077275961637497,0.3438110808768455,0.21661322693799975,0.0025727085,5.0,0.0
74,0.0677783340215683,0.16866983802400964,0.21686279163666755,0.003145206,5.0,0.0
75,0.07383004575967789,0.6837259877254485,0.2171728671107249,0.002081895,5.0,0.0
76,0.08121393620967865,1.3138583716888201,0.21754234548543164,0.0024348265,5.0,0.0
77,0.07709600776433945,1.051489163564958,0.21793005137300656,0.0010849145,5.0,0.0
78,0.07576826959848404,1.0070918325483627,0.2183238538823011,0.0024852632,5.0,0.0
79,0.069261334836483,0.5458839546533572,0.21876064427198436,0.003879101,5.0,0.0
80,0.06636027246713638,0.36254296696105126,0.21922968101908616,0.0023728916,5.0,0.0
81,0.07205376774072647,0.8767484230458648,0.21974052977172726,0.0019578715,5.0,0.0
82,0.06872718781232834,0.6578317047260194,0.22029051254924442,0.0022731724,5.0,0.0
83,0.06453064829111099,0.3604688330031145,0.2208414404802337,0.0020014418,5.0,0.0
84,0.07216914743185043,1.0505523427870718,0.22142355747901493,0.0035635359,5.0,0.0
85,0.0683898851275444,0.7825961409524516,0.22199477587731578,0.0009819476,5.0,0.0
86,0.06900670379400253,0.888183230059048,0.22258156111571484,0.002682183,5.0,0.0
87,0.06948299705982208,0.98116134921453,0.2231393766540337,0.0028619994,5.0,0.0
88,0.07663580775260925,1.6562651186705302,0.22375305730208933,0.0040230085,5.0,0.0
89,0.07124315947294235,1.2432151543993275,0.22438381647612426,0.0043812725,5.0,0.0
90,0.06038716062903404,0.3368097589913322,0.22502336023916092,0.0030434139,5.0,0.0
91,0.06021567061543465,0.3663793718135076,0.22564365117532217,0.002988413,5.0,0.0
92,0.05999794229865074,0.3895204802480302,0.22622599428419604,0.0015669481,5.0,0.0
93,0.06287998706102371,0.6949280977798961,0.22676919536148737,0.0024417853,5.0,0.0
94,0.06351006776094437,0.7980989493971908,0.22727322071051273,0.0026437629,5.0,0.0
95,0.06402331590652466,0.8906539291224104,0.22773786375847724,0.0022275422,5.0,0.0
96,0.061844728887081146,0.7337619712945187,0.22816311738453313,0.0014723463,5.0,0.0
97,0.06020745635032654,0.6262151378549441,0.22854909254879915,0.003050975,5.0,0.0
98,0.0585394985973835,0.5113386200374201,0.22889585020840433,0.0030322457,5.0,0.0
99,0.06070151925086975,0.756563229864412,0.22920328360324502,0.0026870528,5.0,0.0
100,0.06090136989951134,0.8162749788232675,0.2294715575753922,0.0014354725,5.0,0.0
101,0.06605072319507599,1.3574132502819403,0.22970066823834867,0.00507823,5.0,0.0
102,0.06062259525060654,0.8742610356001531,0.22989054879661258,0.00213621,5.0,0.0
103,0.06205660104751587,1.0554908122864743,0.2300412346032722,0.0017228571,5.0,0.0
104,0.06483491510152817,1.3734128693792602,0.23015264230037066,0.0037578123,5.0,0.0
105,0.06045544520020485,0.9841094398058885,0.2302248336539774,0.0030770437,5.0,0.0
106,0.05755142495036125,0.7355436844820802,0.2302577334341008,0.0025817873,5.0,0.0
107,0.05756797641515732,0.7765332292358523,0.23025140034887087,0.0030443368,5.0,0.0
108,0.0573556050658226,0.7922105542766689,0.23020581161872888,0.001636648,5.0,0.0
109,0.053868237882852554,0.477152405785775,0.2301209803862309,0.0031802088,5.0,0.0
110,0.05663004517555237,0.7937929497834348,0.22999704592198394,0.0022069388,5.0,0.0
111,0.05502521991729736,0.6668944108366339,0.22983400303432386,0.003940901,5.0,0.0
112,0.057526953518390656,0.962728658992167,0.2296315565225983,0.0054043955,5.0,0.0
113,0.05309533327817917,0.5348977196596445,0.2293898671118745,0.0029407095,5.0,0.0
114,0.05601762980222702,0.8730366527007997,0.22910885673555684,0.0014664732,5.0,0.0
115,0.057787999510765076,1.0961315085138026,0.22878859407285862,0.002849333,5.0,0.0
116,0.05686233565211296,1.0350261612763578,0.2284290513152448,0.0039404305,5.0,0.0
117,0.05769333988428116,1.1578050991055335,0.22803023183976914,0.002734796,5.0,0.0
118,0.055963680148124695,1.0091517805462402,0.22759226263021157,0.0040392266,5.0,0.0
119,0.0534183494746685,0.7667682188115181,0.22711491562304084,0.0021377678,5.0,0.0
120,0.05287010222673416,0.7404894913805521,0.22659857704020872,0.003086178,5.0,0.0
121,0.05397216975688934,0.892207451704067,0.22604308399162845,0.002878262,5.0,0.0
122,0.05110793933272362,0.6088489101436123,0.22544820773707766,0.0018792743,5.0,0.0
123,0.05509480461478233,1.0815513495250455,0.22486176872297672,0.0048012086,5.0,0.0
124,0.05584446340799332,1.1944138871816343,0.22438908807744906,0.0022247331,5.0,0.0
125,0.05523407459259033,1.1613113263063153,0.22401019394627522,0.004516986,5.0,0.0
126,0.06593171507120132,2.3915008787507293,0.22375083371800406,0.0028940942,5.0,0.0
127,0.06090230867266655,1.862544576125666,0.22355589592772518,0.0008434046,5.0,0.0
128,0.05532761290669441,1.2689361441243552,0.22343714056528213,0.00208002,5.0,0.0
129,0.054599057883024216,1.2180678858794571,0.22336140787068207,0.0010817746,5.0,0.0
130,0.052291590720415115,0.9875800134825484,0.2233411572373542,0.0023563518,5.0,0.0
131,0.051676470786333084,0.9498227234557596,0.22336167764176723,0.0047032055,5.0,0.0
132,0.051914408802986145,1.0058458047978742,0.22341417929715307,0.0031883789,5.0,0.0
133,0.05040283873677254,0.8588128618230453,0.22349474221315127,0.0020003458,5.0,0.0
134,0.053630389273166656,1.2646562616777006,0.2236171013342015,0.0021434773,5.0,0.0
135,0.05081237480044365,0.9638160566676564,0.22375696851817037,0.0016164434,5.0,0.0
136,0.054451726377010345,1.42295529665747,0.22393917062753282,0.0029527799,5.0,0.0
137,0.05498676374554634,1.516785323079934,0.224161804403303,0.0026211794,5.0,0.0
138,0.056326232850551605,1.7085409584910927,0.22444111553571933,0.0037453263,5.0,0.0
139,0.05083927512168884,1.0838007696603331,0.224735914064154,0.0035721161,5.0,0.0
140,0.05420885980129242,1.5171509893904789,0.22507544074294247,0.0034855774,5.0,0.0
141,0.0554807074368,1.7024026955328517,0.2254303542454791,0.0046833977,5.0,0.0
142,0.04621066525578499,0.6069305255189112,0.22577579449724886,0.0027824217,5.0,0.0
143,0.04167923331260681,0.07895497268268396,0.22612727082487888,0.0019897677,5.0,0.0
144,0.04105449467897415,0.022870347312481647,0.22645385059467674,0.0006293338,5.0,0.0
145,0.04128367081284523,0.07357250410062631,0.22674107916765673,0.002410595,5.0,0.0
146,0.04144400358200073,0.11449876348953222,0.2269891268035924,0.0032502124,5.0,0.0
147,0.04011814296245575,-0.030431049503930937,0.2271979365119039,0.0026931164,5.0,0.0
148,0.04074888303875923,0.06774108796799233,0.22736736638108995,0.003875711,5.0,0.0
149,0.03907226771116257,-0.12312191575821396,0.22749753659275185,0.0038204524,5.0,0.0
150,0.041195061057806015,0.15766213273249713,0.22758862807560515,0.0018286791,5.0,0.0
151,0.040518682450056076,0.0912556800782287,0.22764059202575435,0.0028295084,5.0,0.0
152,0.0401996411383152,0.0666247677035426,0.22765330405065287,0.0016229327,5.0,0.0
153,0.041741229593753815,0.27896053973103024,0.22762670142337094,0.0028378034,5.0,0.0
154,0.04313379526138306,0.4738320236910565,0.2275604833745648,0.004555046,5.0,0.0
155,0.04163104295730591,0.2971285189464108,0.22745525183840132,0.0022278605,5.0,0.0
156,0.04064912721514702,0.18832904606956927,0.22731057783456263,0.0029132033,5.0,0.0
157,0.03997018560767174,0.11609356400564758,0.22712656913201623,0.0025371064,5.0,0.0
158,0.040811315178871155,0.2379342444795013,0.2269035485319865,0.0020569507,5.0,0.0
159,0.0423913337290287,0.4564019926059804,0.22664133738948228,0.0028084063,5.0,0.0
160,0.043544620275497437,0.6194047677562692,0.22633984337728827,0.0022398846,5.0,0.0
161,0.039233434945344925,0.07652965290531671,0.22599921250152377,0.002170086,5.0,0.0
162,0.03642943128943443,-0.27359392746609995,0.22561934004329384,0.002772898,5.0,0.0
163,0.03963662311434746,0.15468841690456517,0.22520006037497284,0.0025279871,5.0,0.0
164,0.039976682513952255,0.21032933777729657,0.2248060684051251,0.0014905394,5.0,0.0
165,0.04121050983667374,0.3841468477374277,0.224471696376017,0.001924093,5.0,0.0
166,0.04100875183939934,0.3713186423848496,0.2242061006549088,0.003129189,5.0,0.0
167,0.03748459741473198,-0.07831889145526981,0.22403578578588143,0.003903689,5.0,0.0
168,0.03766041621565819,-0.04555373254474908,0.22391249196249038,0.0029703393,5.0,0.0
169,0.031871452927589417,-0.7996346547579067,0.22387429311412355,0.0014601285,5.0,0.0
170,0.036133281886577606,-0.22855230815307634,0.22387447683497674,0.0017202032,5.0,0.0
171,0.03993880748748779,0.2864179909005979,0.22395646288885354,0.004227416,5.0,0.0
172,0.03601854294538498,-0.22534152805678753,0.22406433016043056,0.002146316,5.0,0.0
173,0.035728439688682556,-0.2540874561274731,0.22419135080511182,0.003423743,5.0,0.0
174,0.037294790148735046,-0.038189272471580125,0.2243449727542912,0.0028879433,5.0,0.0
175,0.03683311119675636,-0.09085754379330743,0.22451716487480297,0.0034575514,5.0,0.0
176,0.041068002581596375,0.4806155810159691,0.22471174269879213,0.0019344207,5.0,0.0
177,0.038784950971603394,0.1859952333252944,0.2249253710788379,0.0036141656,5.0,0.0
178,0.04550353065133095,1.091705174080949,0.22513908144056954,0.0018292394,5.0,0.0
179,0.044673170894384384,0.9909038942412991,0.2253876278568609,0.0025401947,5.0,0.0
180,0.04721049964427948,1.3408059771143022,0.22560651732429982,0.0020141553,5.0,0.0
181,0.048814788460731506,1.5688548362187935,0.22579094271383704,0.0037935334,5.0,0.0
182,0.0483819842338562,1.5201410079981317,0.22598856638259707,0.0023313288,5.0,0.0
183,0.04729046672582626,1.3843581403750267,0.22614689978958835,0.0027542694,5.0,0.0
184,0.04867863655090332,1.5821610482116313,0.22626581198898427,0.0018832955,5.0,0.0
185,0.049664273858070374,1.7266755845538657,0.2263454335048378,0.0013484359,5.0,0.0
186,0.05091350898146629,1.9091267497379225,0.22638589688299882,0.0022272025,5.0,0.0
187,0.049118272960186005,1.6789877519889236,0.22638713893066384,0.0034661638,5.0,0.0
188,0.049040112644433975,1.681832125401692,0.22634882841613682,0.004602301,5.0,0.0
189,0.049841295927762985,1.8004980502667731,0.226271351529487,0.0014273367,5.0,0.0
190,0.0512884184718132,2.0120880424902245,0.2261726045735638,0.0021928153,5.0,0.0
191,0.05369262769818306,2.3558995987725475,0.22606662077448683,0.0029423062,5.0,0.0
192,0.05458178371191025,2.4919884857284216,0.22594603149589518,0.00209656,5.0,0.0
193,0.054306913167238235,2.471253950455483,0.22580768704656332,0.0035519649,5.0,0.0
194,0.0565112940967083,2.791070315326708,0.22566886932319746,0.003521226,5.0,0.0
195,0.06154146417975426,3.5015788416619538,0.22553213542131417,0.0017336694,5.0,0.0
196,0.06758378446102142,4.359414969003911,0.225390968500358,0.0026696469,5.0,0.0
197,0.06626490503549576,4.200056204831148,0.2253226834904384,0.0027387007,5.0,0.0
198,0.06679587066173553,4.297573861260663,0.22527030050429528,0.0019426683,5.0,0.0
199,0.0713886097073555,4.965129610782549,0.2252359458919961,0.0023703347,5.0,0.0
200,0.06916198879480362,4.6837636634941475,0.22520560730253456,0.003197693,5.0,0.0
201,0.06856575608253479,4.632039598543506,0.22520598031238803,0.005262662,5.0,0.0
202,0.0731189101934433,5.301728792610596,0.22522119720653924,0.0022560945,5.0,0.0
203,0.07242754101753235,5.239545099847728,0.22524228011226954,0.0026558551,5.0,0.0
204,0.07237940281629562,5.268708513871557,0.22530933512410015,0.0021735143,5.0,0.0
205,0.07222482562065125,5.28454652791591,0.22536428981303083,0.0019299558,5.0,0.0
206,0.06666962802410126,4.529175407733729,0.22540165832099587,0.0012883615,5.0,0.0
207,0.06694753468036652,4.606176223307745,0.22540824990200467,0.0011705969,5.0,0.0
208,0.06589198112487793,4.49446167525376,0.22539288271681243,0.0031080823,5.0,0.0
209,0.06314263492822647,4.1352921237594815,0.2253804970105595,0.0030280522,5.0,0.0
210,0.05807167664170265,3.4348195522548908,0.2253810988574888,0.0016693313,5.0,0.0
211,0.05569644272327423,3.125587897923987,0.22534675096402834,0.004318912,5.0,0.0
212,0.05379568040370941,2.87858745900984,0.22537003035245076,0.0025197454,5.0,0.0
213,0.05235294625163078,2.6983035758817304,0.22540827695484314,0.0024104463,5.0,0.0
214,0.04911632835865021,2.251065745939498,0.22542403234739758,0.0020437574,5.0,0.0
215,0.04749752953648567,2.0402677840052195,0.22540966813568528,0.0024924532,5.0,0.0
216,0.04479319229722023,1.66515982693927,0.22537583370333772,0.002391129,5.0,0.0
217,0.045896921306848526,1.8551842433598256,0.22531283989965284,0.0022428883,5.0,0.0
218,0.0444684699177742,1.6669054049781549,0.2252946948355994,0.0024397885,5.0,0.0
219,0.04406462982296944,1.6316989478203092,0.22530322442816572,0.0035561828,5.0,0.0
220,0.04362822324037552,1.5888594250180674,0.22530050160423887,0.0027824428,5.0,0.0
221,0.046531792730093,2.0513597422654963,0.22528459625177147,0.0020628143,5.0,0.0
222,0.05095190182328224,2.7486465489143503,0.22527006889729886,0.0024766293,5.0,0.0
223,0.05614698678255081,3.5684023495779775,0.2252615247938061,0.0020904322,5.0,0.0
224,0.05796465650200844,3.8787386357627076,0.2252269298519896,0.0033579634,5.0,0.0
225,0.059504300355911255,4.14849767130937,0.22519911648597501,0.004244175,5.0,0.0
226,0.058087971061468124,3.9618856894916945,0.22515311688826345,0.0025220385,5.0,0.0
227,0.057754043489694595,3.943838894657258,0.22511275657180208,0.0030123726,5.0,0.0
228,0.05457423999905586,3.482118130224924,0.22510262390122368,0.00222768,5.0,0.0
229,0.05379616841673851,3.391731017726718,0.22512333389713488,0.0017352712,5.0,0.0
230,0.05084886774420738,2.9620289749047837,0.22512886698730458,0.0024368525,5.0,0.0
231,0.04968435317277908,2.8090899947031973,0.2251358129638346,0.0033069388,5.0,0.0
232,0.053301308304071426,3.4081366457475952,0.22519272981298555,0.0034477909,5.0,0.0
233,0.04920629784464836,2.7906876933541693,0.22528412728359296,0.0035370118,5.0,0.0
234,0.051301345229148865,3.1512160947413417,0.22539511509397897,0.003147271,5.0,0.0
235,0.043574512004852295,1.9507235171168333,0.22554680743229252,0.0053191427,5.0,0.0
236,0.040101662278175354,1.4166427694187276,0.22567674363897833,0.00265413,5.0,0.0
237,0.040455371141433716,1.4957496156208905,0.2257676451769095,0.0033197706,5.0,0.0
238,0.03997774049639702,1.4394028306969655,0.22581928379974658,0.0024700537,5.0,0.0
239,0.04108502343297005,1.639595059678119,0.2258317935001287,0.0030345027,5.0,0.0
240,0.043726932257413864,2.091489932286219,0.225805001991796,0.0057505965,5.0,0.0
241,0.04134727269411087,1.7232297245702282,0.22576182984707416,0.002265244,5.0,0.0
242,0.04273967072367668,1.9713107255888394,0.22570566378844942,0.002776591,5.0,0.0
243,0.04328757897019386,2.081575754967098,0.22563967943504995,0.0024707487,5.0,0.0
244,0.04254207760095596,1.981006523750538,0.2255394592272162,0.0032378517,5.0,0.0
245,0.04524994269013405,2.446761282074751,0.2254649174746098,0.0031274683,5.0,0.0
246,0.046124231070280075,2.612013143340683,0.22535136746305662,0.0025449945,5.0,0.0
247,0.04499317705631256,2.447478760064358,0.2252622499311958,0.0033064478,5.0,0.0
248,0.04541971534490585,2.541132883317025,0.22521525744716925,0.0050303517,5.0,0.0
249,0.04449290409684181,2.406164616645598,0.22518415373350562,0.0030970823,5.0,0.0
250,0.046028900891542435,2.6835912111360627,0.22514884180789996,0.0036018959,5.0,0.0
251,0.05008361116051674,3.3843944039106852,0.22515052220192686,0.00454313,5.0,0.0
252,0.04783182218670845,3.0274138534074244,0.22516367647501628,0.0020653936,5.0,0.0
253,0.04423266649246216,2.4458207483690155,0.22520113610946196,0.003942884,5.0,0.0
254,0.039447784423828125,1.6574465618807936,0.22524991138841557,0.002745304,5.0,0.0
255,0.037030916661024094,1.2675812571298195,0.22530940316883666,0.0042454917,5.0,0.0
256,0.032511621713638306,0.5162140518410672,0.2253665125437326,0.0033969171,5.0,0.0
257,0.030473798513412476,0.18260974429060856,0.22541812843132542,0.0028444706,5.0,0.0
258,0.026684703305363655,-0.4502491594492522,0.22545349010944118,0.003622104,5.0,0.0
259,0.027020877227187157,-0.38410654753127593,0.22545626862269902,0.0024506324,5.0,0.0
260,0.025630585849285126,-0.6129876107411127,0.22542395009534705,0.0019099992,5.0,0.0
261,0.024972623214125633,-0.7149247421727768,0.22535532881296472,0.004219352,5.0,0.0
262,0.027792800217866898,-0.2234141337886103,0.22527575353098364,0.0034656408,5.0,0.0
263,0.02815752662718296,-0.15245042798493585,0.2251836821791845,0.0032698642,5.0,0.0
264,0.03045123815536499,0.25073423246964843,0.22512875181198705,0.0029992624,5.0,0.0
265,0.027592714875936508,-0.23373158242277065,0.22508652942145896,0.0035371596,5.0,0.0
266,0.026796890422701836,-0.3654559582577394,0.22504774787808307,0.0021777428,5.0,0.0
267,0.026512742042541504,-0.4082090959511928,0.22498732409149008,0.0019991188,5.0,0.0
268,0.024319909512996674,-0.7807361847566533,0.22494053054107394,0.0034641714,5.0,0.0
269,0.02081325650215149,-1.385120651560502,0.22490383767286903,0.0025125667,5.0,0.0
270,0.020082926377654076,-1.5071357122519673,0.22490128506315188,0.0033324969,5.0,0.0
271,0.017479395493865013,-1.9561307367258787,0.2249382840540539,0.0036406773,5.0,0.0
272,0.016543222591280937,-2.116281322217962,0.2249927085207728,0.0037272866,5.0,0.0
273,0.014119956642389297,-2.5358157004901765,0.22505549510915213,0.0041290373,5.0,0.0
274,0.014965555630624294,-2.387774258718169,0.22512387623320512,0.003082961,5.0,0.0
275,0.014379304833710194,-2.4886541096469283,0.22517526883673045,0.0029822688,5.0,0.0
276,0.015488103963434696,-2.2938846640519968,0.22521778749537535,0.0030499233,5.0,0.0
277,0.012869887985289097,-2.7506527335179056,0.2252596970605413,0.00239279,5.0,0.0
278,0.014168019406497478,-2.5243249315919787,0.22527106931541213,0.0013913892,5.0,0.0
279,0.012645512819290161,-2.7884552493989516,0.22530607818981704,0.0027435597,5.0,0.0
280,0.013249660842120647,-2.682137309339451,0.22533781290666466,0.003312027,5.0,0.0
281,0.014735130593180656,-2.42432444103745,0.22533883611998953,0.0015872678,5.0,0.0
282,0.013512951321899891,-2.6373909090966676,0.22531163896135847,0.0021702333,5.0,0.0
283,0.011997377499938011,-2.8999097647754937,0.2252828514940305,0.0046913195,5.0,0.0
284,0.01072544977068901,-3.1234177430422125,0.22525572013225778,0.0037519974,5.0,0.0
285,0.01110447570681572,-3.0572026906553784,0.22521645924152417,0.00436644,5.0,0.0
286,0.012234808877110481,-2.8604904044211668,0.2251522699475538,0.0045544817,5.0,0.0
287,0.015842199325561523,-2.234144800023277,0.2250684052918007,0.0025915843,5.0,0.0
288,0.016417112201452255,-2.134098883531518,0.22496610295705685,0.003722346,5.0,0.0
289,0.014303918927907944,-2.502867877957494,0.22485263262622646,0.0046947557,5.0,0.0
290,0.009909914806485176,-3.2720612608232345,0.2247513668730939,0.0021799211,5.0,0.0
291,0.004251462407410145,-4.256485673320882,0.2247052041649977,0.0036431372,5.0,0.0
292,0.003796673147007823,-4.336687775443812,0.22466058660393481,0.0030802758,5.0,0.0
293,-0.003512707771733403,-5.606924196940041,0.22467473548288772,0.0034174453,5.0,0.0
294,-0.0032811793498694897,-5.566860862425563,0.22468802686286984,0.0027307244,5.0,0.0
295,-0.0071049947291612625,-6.229306950442017,0.22474425707990497,0.002843661,5.0,0.0
296,-0.009484093636274338,-6.6404708061464435,0.22484503111640602,0.0024885866,5.0,0.0
297,-0.01117391511797905,-6.931143926536092,0.22498568537621233,0.002309171,5.0,0.0
298,-0.008996506221592426,-6.552669424578087,0.2251157166379193,0.0021159668,5.0,0.0
299,-0.006521455943584442,-6.122362193976922,0.2252359260476471,0.0032399292,5.0,0.0
300,-0.005135428160429001,-5.881139654178354,0.22533286243272022,0.0040562525,5.0,0.0
301,-0.0071740662679076195,-6.232236318605596,0.22543074907239508,0.002658871,5.0,0.0
302,-0.007749071344733238,-6.3289335724697615,0.22553509882210088,0.0030465273,5.0,0.0
303,-0.004264246206730604,-5.729355415644245,0.22560005596828894,0.0025569447,5.0,0.0
304,-0.0028209940064698458,-5.4805545627905055,0.22562570519104877,0.0029218716,5.0,0.0
305,-0.003256559371948242,-5.55285503237898,0.22561206310268136,0.0044302978,5.0,0.0
306,-0.0005249559180811048,-5.086668709495981,0.2255592478338954,0.0030283816,5.0,0.0
307,-0.0003587267128750682,-5.05884337250401,0.2254671039949139,0.0023562822,5.0,0.0
308,-0.000886546156834811,-5.149255309831215,0.22533587470883049,0.0017562466,5.0,0.0
309,-0.0017768597463145852,-5.2995431301530855,0.22518162921297827,0.0026469592,5.0,0.0
310,-0.005080515518784523,-5.861164652122314,0.22503893329431626,0.0015125583,5.0,0.0
311,-0.008078435435891151,-6.3659524879387765,0.2249316388663949,0.003595985,5.0,0.0
312,-0.0117095448076725,-6.97847547908078,0.22484432646758273,0.0034947742,5.0,0.0
313,-0.014547924511134624,-7.455276378598376,0.22479197387474725,0.003189756,5.0,0.0
314,-0.018762940540909767,-8.163063688669753,0.22475242212756344,0.0026488323,5.0,0.0
315,-0.020619526505470276,-8.470483436262771,0.22474719703140128,0.00296251,5.0,0.0
316,-0.02423882856965065,-9.074380626016573,0.22474498066791787,0.0023479324,5.0,0.0
317,-0.02929624915122986,-9.917780906423486,0.22478971035028933,0.001950631,5.0,0.0
318,-0.03021451085805893,-10.062731707962074,0.22487564105090213,0.0035449693,5.0,0.0
319,-0.028328970074653625,-9.739434950079662,0.2249676763233236,0.00370094,5.0,0.0
320,-0.029507149010896683,-9.929372873368523,0.22504603712016122,0.00400499,5.0,0.0
321,-0.03839266672730446,-11.406003206800698,0.22520560130400374,0.004264375,5.0,0.0
322,-0.03859596326947212,-11.434121878196477,0.2253794352033938,0.0018344265,5.0,0.0
323,-0.036828864365816116,-11.12958288519366,0.22554824315402458,0.004338627,5.0,0.0
324,-0.03532416373491287,-10.8728692783133,0.22568422731775128,0.0038941428,5.0,0.0
325,-0.034293245524168015,-10.696391949835903,0.2257805590335684,0.003037244,5.0,0.0
326,-0.033175643533468246,-10.506844842902934,0.22583787928729657,0.001746755,5.0,0.0
327,-0.03191709145903587,-10.291504839352733,0.22585606086623067,0.0037427717,5.0,0.0
328,-0.03244953230023384,-10.378188307737089,0.2258349643223213,0.0015251555,5.0,0.0
329,-0.03381557762622833,-10.600188628408171,0.22577476855430076,0.0026061302,5.0,0.0
330,-0.03402502089738846,-10.631564622257855,0.22568045944049686,0.0031936325,5.0,0.0
331,-0.03733258321881294,-11.177205491431875,0.22557529299584678,0.0031213206,5.0,0.0
332,-0.03617333620786667,-10.984550576409653,0.2254541834390855,0.0025535873,5.0,0.0
333,-0.03260458633303642,-10.393005102911422,0.22529928022306425,0.0029377614,5.0,0.0
334,-0.03300866857171059,-10.458923100799657,0.22513753222864796,0.0041177496,5.0,0.0
335,-0.03217969462275505,-10.325314726764077,0.2249923393409447,0.0014528886,5.0,0.0
336,-0.03359532356262207,-10.562333048975406,0.22487680065664406,0.000505976,5.0,0.0
337,-0.032395437359809875,-10.36506861158428,0.22478224140645958,0.0015055903,5.0,0.0
338,-0.03503863885998726,-10.803566666441705,0.22474326113876064,0.0043531703,5.0,0.0
339,-0.03864080086350441,-11.406467143636927,0.22476296900535248,0.003421967,5.0,0.0
340,-0.038550764322280884,-11.398158005834054,0.22482731203103026,0.0027268461,5.0,0.0
341,-0.035585954785346985,-10.912879493547118,0.22487757493332614,0.002135145,5.0,0.0
342,-0.03829975053668022,-11.370088403001281,0.2249761460503526,0.003964891,5.0,0.0
343,-0.03699077293276787,-11.160758422163992,0.22509650533762532,0.004144451,5.0,0.0
344,-0.03360563889145851,-10.605569267251296,0.2251913530809076,0.00391108,5.0,0.0
345,-0.03279182314872742,-10.478842789525673,0.2252506177230847,0.0041349577,5.0,0.0
346,-0.034157831221818924,-10.720276591691045,0.22529602147879352,0.0017098035,5.0,0.0
347,-0.03358430787920952,-10.634523971150616,0.2253023486820889,0.0026598412,5.0,0.0
348,-0.033222496509552,-10.585987535432963,0.2253009914631415,0.0024413506,5.0,0.0
349,-0.0313262939453125,-10.279242979492533,0.2253099170702778,0.0022460392,5.0,0.0
350,-0.027873363345861435,-9.707411159465794,0.22530186842878366,0.0031974083,5.0,0.0
351,-0.02634304016828537,-9.460581910637972,0.22525875005156626,0.0025553976,5.0,0.0
352,-0.028927654027938843,-9.91233646918002,0.22518950704071242,0.0015512491,5.0,0.0
353,-0.02830074355006218,-9.8167987733936,0.22511436258405845,0.0037483408,5.0,0.0
354,-0.02695843018591404,-9.602866581295181,0.22500738005413826,0.002078338,5.0,0.0
355,-0.027155429124832153,-9.64855269278606,0.22488247627463515,0.0036898262,5.0,0.0
356,-0.027380837127566338,-9.7030897964436,0.2247725065199451,0.0020462738,5.0,0.0
357,-0.03103022277355194,-10.345968888327656,0.2247170799426283,0.003133601,5.0,0.0
358,-0.02825254574418068,-9.883269557304542,0.2247140879704878,0.0028925524,5.0,0.0
359,-0.02968597412109375,-10.148850584716868,0.22473105472684443,0.0025050917,5.0,0.0
360,-0.02772660180926323,-9.824276572884504,0.22478771515691978,0.003721803,5.0,0.0
361,-0.029717938974499702,-10.190785958558678,0.22485071484749422,0.002388332,5.0,0.0
362,-0.0273347906768322,-9.790452854571782,0.22489405444419935,0.003687465,5.0,0.0
363,-0.026765739545226097,-9.708659593891683,0.2249337428754696,0.003169876,5.0,0.0
364,-0.023928847163915634,-9.225776024834701,0.22499985354747581,0.0026069542,5.0,0.0
365,-0.024240663275122643,-9.296547839546689,0.22506744170099013,0.0034274808,5.0,0.0
366,-0.025418492034077644,-9.524293107180618,0.22514529659715404,0.002270249,5.0,0.0
367,-0.024855751544237137,-9.441299245571601,0.22519339259838028,0.002649482,5.0,0.0
368,-0.022722646594047546,-9.074891691328215,0.2252115409957455,0.00402123,5.0,0.0
369,-0.020666344091296196,-8.722762534216656,0.22523902515645933,0.002071448,5.0,0.0
370,-0.022726478055119514,-9.111546795362736,0.22529342937326954,0.001385386,5.0,0.0
371,-0.022459257394075394,-9.080635918866896,0.22536093697543236,0.00075192266,5.0,0.0
372,-0.02116493694484234,-8.860569634513114,0.2254261707949816,0.0016379756,5.0,0.0
373,-0.022532498463988304,-9.126830479772376,0.2254564069370261,0.002215501,5.0,0.0
374,-0.022164130583405495,-9.075688570513163,0.22544753175204665,0.0030573283,5.0,0.0
375,-0.02301497757434845,-9.24928267919652,0.2254067515813488,0.0041268496,5.0,0.0
376,-0.023193953558802605,-9.300411725388178,0.22535808824384546,0.0045263856,5.0,0.0
377,-0.022268345579504967,-9.147637720415686,0.22535279769598235,0.0034063563,5.0,0.0
378,-0.023572610691189766,-9.40948407719116,0.22533267294337023,0.0038679969,5.0,0.0
379,-0.024394074454903603,-9.58610797077925,0.2252903495566834,0.0011378069,5.0,0.0
380,-0.023172423243522644,-9.373761632743786,0.22525064642811,0.003046781,5.0,0.0
381,-0.024897582828998566,-9.721877302698752,0.22518511565640134,0.0017623077,5.0,0.0
382,-0.025914376601576805,-9.937320830777884,0.22508953561787498,0.0013540364,5.0,0.0
383,-0.02353881113231182,-9.503343659484406,0.22497524773627056,0.002897778,5.0,0.0
384,-0.024827327579259872,-9.770831601084874,0.2249376781019548,0.0037207892,5.0,0.0
385,-0.024794530123472214,-9.785974536962762,0.22492059253621005,0.0041078446,5.0,0.0
386,-0.024847734719514847,-9.820309960054553,0.2249248605254256,0.0021595573,5.0,0.0
387,-0.02480434440076351,-9.83271879769175,0.22492638772261603,0.0036159828,5.0,0.0
388,-0.026299675926566124,-10.148013216720354,0.22496022735973395,0.0037756485,5.0,0.0
389,-0.026214249432086945,-10.156980240553972,0.2250237406450359,0.0021489388,5.0,0.0
390,-0.026272214949131012,-10.191583499686608,0.22512148918285457,0.0033322943,5.0,0.0
391,-0.024145126342773438,-9.794659810359336,0.22524258180685572,0.0022333027,5.0,0.0
392,-0.024185948073863983,-9.82527173191321,0.2253308926526159,0.0025111367,5.0,0.0
393,-0.024393482133746147,-9.888365883655055,0.22538964254667646,0.0039869878,5.0,0.0
394,-0.023345952853560448,-9.702188625386725,0.2254381830798023,0.0023510514,5.0,0.0
395,-0.02301720902323723,-9.657223791945807,0.22544801546357876,0.0031504394,5.0,0.0
396,-0.02479165978729725,-10.041661440399631,0.2254590815559094,0.0019447679,5.0,0.0
397,-0.022786622866988182,-9.655027888828046,0.2254307517092494,0.0027900718,5.0,0.0
398,-0.022209594026207924,-9.559337638106058,0.2253632076823832,0.0021650877,5.0,0.0
399,-0.023572875186800957,-9.862485707257031,0.22526213319908547,0.0020951775,5.0,0.0
400,-0.023460928350687027,-9.861918870281498,0.22513286231223206,0.002643169,5.0,0.0
401,-0.023008475080132484,-9.790588016772313,0.2250354747777163,0.0028898143,5.0,0.0
402,-0.022558724507689476,-9.71831330119988,0.22496121527194365,0.0038283605,5.0,0.0
403,-0.021130450069904327,-9.440953709288769,0.22492969683965466,0.003193998,5.0,0.0
404,-0.01982041634619236,-9.184344884229263,0.2248888597817479,0.0039584776,5.0,0.0
405,-0.018741898238658905,-8.976232230066723,0.224901198954428,0.0027547022,5.0,0.0
406,-0.019798196852207184,-9.221018105409588,0.22491463510513027,0.0018596599,5.0,0.0
407,-0.01767141744494438,-8.784953669919124,0.22497227512344503,0.0017705469,5.0,0.0
408,-0.018351126462221146,-8.947868666417738,0.2250124246614141,0.0026272065,5.0,0.0
409,-0.01733759418129921,-8.746211017603319,0.22509834047434316,0.0031666523,5.0,0.0
410,-0.016585197299718857,-8.6001842488765,0.2251697671891055,0.0027463103,5.0,0.0
411,-0.01541356835514307,-8.359655266672144,0.22528547205362243,0.0037893644,5.0,0.0
412,-0.017016485333442688,-8.727259061901485,0.22539358183254274,0.0025086747,5.0,0.0
413,-0.015347027219831944,-8.375433917244719,0.22546332038114494,0.003256619,5.0,0.0
414,-0.013449118472635746,-7.970007619897447,0.2254934424532652,0.0037639334,5.0,0.0
415,-0.012271557003259659,-7.721019693067952,0.22548379349573902,0.004054834,5.0,0.0
416,-0.01265481486916542,-7.8178062817754395,0.2254348185019046,0.0043183407,5.0,0.0
417,-0.014975699596107006,-8.35035597691828,0.22537243746720698,0.0034008753,5.0,0.0
418,-0.014909157529473305,-8.349731287139381,0.2252832115348425,0.003041199,5.0,0.0
419,-0.016360009089112282,-8.689892099640259,0.22516830063361215,0.004364179,5.0,0.0
420,-0.015588613227009773,-8.531613123170628,0.225026235881653,0.002887224,5.0,0.0
421,-0.016420291736721992,-8.734523531567055,0.22491353143689732,0.0036976167,5.0,0.0
422,-0.015966137871146202,-8.647231329449689,0.22487529462849867,0.0022679367,5.0,0.0
423,-0.014814884401857853,-8.39634445100948,0.22487567388072238,0.0035417888,5.0,0.0
424,-0.017137404531240463,-8.946115218352,0.2249044483129983,0.0023891195,5.0,0.0
425,-0.01831032522022724,-9.231664875086059,0.22497968599010976,0.0037538863,5.0,0.0
426,-0.020269958302378654,-9.703327872541585,0.22507931737548517,0.0038575365,5.0,0.0
427,-0.018761014565825462,-9.371052288182323,0.2251689817105516,0.0028091555,5.0,0.0
428,-0.017926178872585297,-9.191344020829419,0.225263719652189,0.004188901,5.0,0.0
429,-0.01760551705956459,-9.133329534573818,0.22536054160487498,0.0031285917,5.0,0.0
430,-0.016624659299850464,-8.916003671705433,0.22542997066509057,0.005032123,5.0,0.0
431,-0.018451035022735596,-9.364072017951745,0.22546496431479557,0.004392052,5.0,0.0
432,-0.01867073029279709,-9.434019307523467,0.2254633578288065,0.0033080354,5.0,0.0
433,-0.018822723999619484,-9.487993651295309,0.22544337812586596,0.0024296686,5.0,0.0
434,-0.01803126558661461,-9.315321831112126,0.2254267527407571,0.0025180608,5.0,0.0
435,-0.017628217115998268,-9.234033010988712,0.22541054530912222,0.003122996,5.0,0.0
436,-0.01758328452706337,-9.238102663094994,0.22536508564183386,0.0040066014,5.0,0.0
437,-0.01610846072435379,-8.896193409923397,0.2253176318186642,0.0044725086,5.0,0.0
438,-0.01602759398519993,-8.89255715135536,0.22525454170446155,0.0027630639,5.0,0.0
439,-0.016692200675606728,-9.069087785942669,0.22516979448294042,0.0025313334,5.0,0.0
440,-0.01805574633181095,-9.416969653851249,0.2251079970100831,0.0032046845,5.0,0.0
441,-0.017195899039506912,-9.222887788322247,0.22504874208434753,0.0019413668,5.0,0.0
442,-0.017469095066189766,-9.305706740765988,0.22503088119019957,0.0015965917,5.0,0.0
443,-0.01752758026123047,-9.334695808203321,0.2250606878089376,0.0023953149,5.0,0.0
444,-0.016153482720255852,-9.00749970187513,0.22507016390007323,0.0036817312,5.0,0.0
445,-0.013547427952289581,-8.37099842564415,0.22510417902835658,0.0047937185,5.0,0.0
446,-0.012762170284986496,-8.1875766115784,0.22514249714570564,0.0035051128,5.0,0.0
447,-0.011157979257404804,-7.796532403641851,0.22516363986327356,0.0029171887,5.0,0.0
448,-0.011549572460353374,-7.904672732571977,0.22515212553528433,0.0027431853,5.0,0.0
449,-0.011096995323896408,-7.7982372007847145,0.22512285664479753,0.0044893688,5.0,0.0
450,-0.012768092565238476,-8.230890560831545,0.22513208574935956,0.004442717,5.0,0.0
451,-0.00912326481193304,-7.315523825416302,0.22513372110105812,0.0036750343,5.0,0.0
452,-0.009459594264626503,-7.4089077145575795,0.22510675246259174,0.0034022331,5.0,0.0
453,-0.005390658974647522,-6.375018783295189,0.2251606806549146,0.0039247787,5.0,0.0
454,-0.006846501026302576,-6.754634380741822,0.22520575230694512,0.002043026,5.0,0.0
455,-0.006341896485537291,-6.629437113226181,0.225241909450461,0.0026207743,5.0,0.0
456,-0.007148001808673143,-6.840290573488852,0.22530944082541388,0.0046003046,5.0,0.0
457,-0.007303656544536352,-6.8867347645927905,0.22535744373777997,0.0037510474,5.0,0.0
458,-0.00674455426633358,-6.748096927600492,0.22539021296466835,0.0025973173,5.0,0.0
459,-0.008479874581098557,-7.20472801850891,0.22538513825264825,0.0025197715,5.0,0.0
460,-0.00856181513518095,-7.232590480121988,0.22534535883611792,0.002079814,5.0,0.0
461,-0.008541836403310299,-7.234130136249579,0.22527996894559912,0.0013269924,5.0,0.0
462,-0.008720352314412594,-7.285690090764324,0.22519117429203356,0.0025367918,5.0,0.0
463,-0.005709649994969368,-6.498895505216776,0.22509300524935524,0.0032152403,5.0,0.0
464,-0.006641114596277475,-6.749831852431373,0.22499373725680177,0.0017910963,5.0,0.0
465,-0.0058473944664001465,-6.542085997383179,0.2248860063462098,0.0040512932,5.0,0.0
466,-0.002798409666866064,-5.739453031890565,0.22477307663638582,0.002296495,5.0,0.0
467,-0.0018777642399072647,-5.494305890315666,0.22473122218514194,0.0046024583,5.0,0.0
468,-0.0017667999491095543,-5.4680613930255255,0.2246830172749673,0.0024550448,5.0,0.0
469,-0.0013250686461105943,-5.350191810882081,0.22470022408090545,0.0034857793,5.0,0.0
470,-0.0015481716254726052,-5.409570205099773,0.22473223282392604,0.0045677675,5.0,0.0
471,0.0019910840783268213,-4.462784043589297,0.22479775442853456,0.0034602822,5.0,0.0
472,0.0012049134820699692,-4.673317643284075,0.22484131902677962,0.003008237,5.0,0.0
473,0.00452746357768774,-3.7786575403325404,0.22490643324433923,0.0027060616,5.0,0.0
474,0.00428141001611948,-3.8420319872643076,0.22501600415461956,0.003339422,5.0,0.0
475,0.004924301523715258,-3.666768968479776,0.22513003134071877,0.0027591544,5.0,0.0
476,0.008134419098496437,-2.794961884138372,0.22525741784309372,0.0033355872,5.0,0.0
477,0.007927579805254936,-2.846630282576923,0.2253648730870622,0.0040029017,5.0,0.0
478,0.010293548926711082,-2.201115531816518,0.22549036846126067,0.0035260543,5.0,0.0
479,0.010558956302702427,-2.125500635513644,0.22559719101084152,0.002653542,5.0,0.0
480,0.008396231569349766,-2.708363493626395,0.22567099853170045,0.004659091,5.0,0.0
481,0.008772098459303379,-2.604128952762505,0.22571169936186192,0.0031707603,5.0,0.0
482,0.009458540938794613,-2.413147965207342,0.22572250338279454,0.003483321,5.0,0.0
483,0.010789903812110424,-2.0452465441115133,0.22575885228012996,0.0040428913,5.0,0.0
484,0.010305406525731087,-2.1762417605600963,0.2257610369828783,0.00218168,5.0,0.0
485,0.01010184083133936,-2.2287234678546737,0.22572737112388244,0.0023141075,5.0,0.0
486,0.008185327984392643,-2.7510198169943685,0.225657422902877,0.0029378056,5.0,0.0
487,0.0077964807860553265,-2.855349840910626,0.22555706325993916,0.0031277926,5.0,0.0
488,0.008158953860402107,-2.7565176060525762,0.22544334008833714,0.00023265877,5.0,0.0
489,0.008283727802336216,-2.716614157748272,0.2253241935959435,0.0037488025,5.0,0.0
490,0.007996287196874619,-2.7946924906050232,0.2251699801280039,0.002870237,5.0,0.0
491,0.007010197266936302,-3.064938516765016,0.22498797365759268,0.0026430592,5.0,0.0
492,0.007498185150325298,-2.9291123482988457,0.22480862400765725,0.002351056,5.0,0.0
493,0.006298182066529989,-3.2582521944830853,0.22469867993642756,0.002983274,5.0,0.0
494,0.0066537694074213505,-3.1585157142542677,0.22462388092375207,0.0032777498,5.0,0.0
495,0.008684851229190826,-2.5963404687939784,0.22462106154885128,0.002778855,5.0,0.0
496,0.009211543016135693,-2.448039054103561,0.22466883058639145,0.0039398014,5.0,0.0
497,0.009065041318535805,-2.4883349751328443,0.22470757128501603,0.0027604494,5.0,0.0
498,0.009104093536734581,-2.477239029800328,0.22475804631389412,0.001737557,5.0,0.0
499,0.009319874458014965,-2.4158670201170422,0.22482653522383766,0.0021212888,5.0,0.0
500,0.01102406345307827,-1.9409819567807463,0.22487175615229604,0.003541822,5.0,0.0
501,0.011446265503764153,-1.8244444755727631,0.2248955955711091,0.0018159471,5.0,0.0
502,0.011491745710372925,-1.8095959395789465,0.22493939241876218,0.002938741,5.0,0.0
503,0.010682141408324242,-2.0336461987228995,0.22495416212546146,0.0025263114,5.0,0.0
504,0.011341539211571217,-1.849090841878065,0.22501911611924125,0.0032711322,5.0,0.0
505,0.012239773757755756,-1.5977347911415307,0.22510220201840184,0.004549345,5.0,0.0
506,0.014055906794965267,-1.0933847241012886,0.2251644047407752,0.004006365,5.0,0.0
507,0.013416744768619537,-1.2694488475625127,0.22518735909256704,0.004845406,5.0,0.0
508,0.013190547935664654,-1.3342630142234788,0.22517159669106365,0.0024318292,5.0,0.0
509,0.01158071681857109,-1.7803516247699367,0.2251167123883161,0.00317449,5.0,0.0
510,0.010953310877084732,-1.9535102450275037,0.22504354197253765,0.00412778,5.0,0.0
511,0.009148991666734219,-2.4536682592099512,0.22494804544277144,0.0050772843,5.0,0.0
512,0.009172695688903332,-2.4490104695179884,0.2248571768570774,0.0031612534,5.0,0.0
513,0.009737295098602772,-2.2922267205485043,0.22477667071649,0.0032016854,5.0,0.0
514,0.010073484852910042,-2.198581052034396,0.22469403959884687,0.003626151,5.0,0.0
515,0.011199010536074638,-1.8844397467883758,0.22459949934788814,0.0054243095,5.0,0.0
516,0.010665061883628368,-2.034822665385877,0.22451740869634632,0.00364856,5.0,0.0
517,0.010370834730565548,-2.118136468332553,0.22447356017521283,0.002419347,5.0,0.0
518,0.008622627705335617,-2.6027663172044706,0.22447476291069257,0.0035416835,5.0,0.0
519,0.008323121815919876,-2.68667233773532,0.22451619839306322,0.0031776538,5.0,0.0
520,0.008882179856300354,-2.5324128595724527,0.22457954206948075,0.0027387433,5.0,0.0
521,0.01063255313783884,-2.047239717876785,0.22463660468002128,0.0028042495,5.0,0.0
522,0.011502194218337536,-1.8072358671596818,0.22476330074938658,0.0022837548,5.0,0.0
523,0.012520871125161648,-1.5223617229491448,0.2249193330679131,0.00549976,5.0,0.0
524,0.014177222736179829,-1.0665367458785602,0.2250709561320301,0.0031273705,5.0,0.0
525,0.014071272686123848,-1.0979192097835404,0.2251948364094817,0.002326246,5.0,0.0
526,0.014678724110126495,-0.9306729314850424,0.22529191906385299,0.0025817708,5.0,0.0
527,0.015924781560897827,-0.5880457537483369,0.22536493102595484,0.0015761686,5.0,0.0
528,0.016500793397426605,-0.4294031623310046,0.22539852899657092,0.0024523765,5.0,0.0
529,0.0175788551568985,-0.13320899198056985,0.22539337725014905,0.0021920896,5.0,0.0
530,0.018014131113886833,-0.015543193151827672,0.22534869384885522,0.0015806976,5.0,0.0
531,0.018913183361291885,0.23367165515493504,0.22527673630271333,0.0045265597,5.0,0.0
532,0.018752222880721092,0.18471785478996888,0.22518669397585767,0.002597371,5.0,0.0
533,0.018835000693798065,0.20433503566501254,0.2250706556287184,0.0019928329,5.0,0.0
534,0.018840817734599113,0.20450147804485647,0.224955663908813,0.0033218896,5.0,0.0
535,0.01958388462662697,0.40782170918959165,0.22488207144084033,0.004507939,5.0,0.0
536,0.01930352672934532,0.32540654116824247,0.22477449039901967,0.0025084887,5.0,0.0
537,0.018198387697339058,0.017937242187404667,0.22467863442077485,0.0027584815,5.0,0.0
538,0.015471208840608597,-0.7349022022868148,0.22459481228435668,0.004079369,5.0,0.0
539,0.014234410598874092,-1.0799614697730788,0.22451415276662526,0.002090832,5.0,0.0
540,0.014644415117800236,-0.9695053473236792,0.2244442595205779,0.0022523967,5.0,0.0
541,0.013159874826669693,-1.3785993442960374,0.22438326852701088,0.0038460884,5.0,0.0
542,0.012538899667561054,-1.5511151734547841,0.22431672076560355,0.004288847,5.0,0.0
543,0.013100077398121357,-1.3991927697423745,0.22433360552615514,0.0044410634,5.0,0.0
544,0.01269236858934164,-1.5145800880122031,0.22434927631585194,0.0033301772,5.0,0.0
545,0.013853764161467552,-1.1992479782117413,0.22438181977681249,0.0026371295,5.0,0.0
546,0.012988739646971226,-1.437405103891891,0.22440314460676475,0.004098729,5.0,0.0
547,0.01254943199455738,-1.5608783858407291,0.2244235317222046,0.0033891096,5.0,0.0
548,0.015258085913956165,-0.8222078666360322,0.2245134117540745,0.003461423,5.0,0.0
549,0.014292927458882332,-1.087838951700261,0.22463145679524443,0.0046910015,5.0,0.0
550,0.014588509686291218,-1.0113078818351982,0.22475412702289854,0.0033145892,5.0,0.0
551,0.015791580080986023,-0.687255739392767,0.2248489618378183,0.0018811971,5.0,0.0
552,0.0157703198492527,-0.6953589854218067,0.2249190444595377,0.0027888096,5.0,0.0
553,0.015622084960341454,-0.7379040043473811,0.224950426307407,0.003888767,5.0,0.0
554,0.014865707606077194,-0.9482076739493126,0.2249428196601272,0.0028350272,5.0,0.0
555,0.01366692129522562,-1.2766335533792583,0.2248957640827857,0.0037727496,5.0,0.0
556,0.014881616458296776,-0.9502249625325393,0.22481312258068806,0.0027178414,5.0,0.0
557,0.013802748173475266,-1.2452734912524535,0.22472739368501612,0.00398706,5.0,0.0
558,0.014183033257722855,-1.1459369408951467,0.2246153299671249,0.0030039812,5.0,0.0
559,0.014798698015511036,-0.980878307804342,0.22453716121602932,0.0040627746,5.0,0.0
560,0.014928555116057396,-0.951669108264358,0.22444351950133248,0.0012550133,5.0,0.0
561,0.014152931049466133,-1.1641487650839584,0.2243654377487622,0.0021071471,5.0,0.0
562,0.013428406789898872,-1.3637886106204409,0.22431194842301988,0.0016441167,5.0,0.0
563,0.014127672649919987,-1.1751497592641518,0.22430078112873475,0.004099958,5.0,0.0
564,0.01204456016421318,-1.7408445191652646,0.22431536915462424,0.004405265,5.0,0.0
565,0.015305280685424805,-0.864716262219227,0.2243337458451334,0.0027648883,5.0,0.0
566,0.017436295747756958,-0.29154918547436015,0.22438006022475712,0.004393997,5.0,0.0
567,0.01732703484594822,-0.32419663340502863,0.2244816113939043,0.005066766,5.0,0.0
568,0.020601967349648476,0.552411080693288,0.22458559681360174,0.0034686064,5.0,0.0
569,0.021798230707645416,0.8701697398921446,0.22470142377264524,0.0039167916,5.0,0.0
570,0.022978689521551132,1.1812782857703943,0.22482532626854526,0.0025304023,5.0,0.0
571,0.02481796033680439,1.6708363813693408,0.22495650707227288,0.0031578403,5.0,0.0
572,0.023759281262755394,1.3822984368739437,0.22504823018101117,0.004462127,5.0,0.0
573,0.024479839950799942,1.569287600989254,0.2251005184696162,0.0036266204,5.0,0.0
574,0.023982033133506775,1.4286163897533206,0.22511352082256278,0.001969967,5.0,0.0
575,0.023851124569773674,1.3896160282056078,0.2250876513134911,0.003530832,5.0,0.0
576,0.022589055821299553,1.0475062781506796,0.22504336289505805,0.004533135,5.0,0.0
577,0.023123394697904587,1.1841135509770353,0.22497850909284942,0.0035173716,5.0,0.0
578,0.02250683307647705,1.014536971548352,0.2248967004586276,0.003918893,5.0,0.0
579,0.023337330669164658,1.2299538552062659,0.22478771280830034,0.0029141442,5.0,0.0
580,0.023758571594953537,1.3363655395550942,0.22467628834225778,0.0023863201,5.0,0.0
581,0.02333003096282482,1.2175080744594724,0.22454293646374285,0.0031282275,5.0,0.0
582,0.021588997915387154,0.7494036162798701,0.22443183543636175,0.0037217424,5.0,0.0
583,0.01946902461349964,0.17984007835269294,0.22433856167177676,0.0028124277,5.0,0.0
584,0.018030932173132896,-0.20632296813122286,0.2242707620758366,0.0031598336,5.0,0.0
585,0.019214585423469543,0.1032713012856859,0.2242093255096154,0.0026402464,5.0,0.0
586,0.016854144632816315,-0.5273507316796294,0.22421227217719017,0.002426854,5.0,0.0
587,0.016257498413324356,-0.6885012476441632,0.2242298563311797,0.003192942,5.0,0.0
588,0.015291267074644566,-0.9484742725210036,0.22426655446991556,0.002714461,5.0,0.0
589,0.015379704535007477,-0.9280019376563253,0.22434336279329253,0.003218822,5.0,0.0
590,0.016564466059207916,-0.6189621839271242,0.22441495429636507,0.002523955,5.0,0.0
591,0.017261486500501633,-0.43626075332675596,0.22447338243205492,0.004823147,5.0,0.0
592,0.019424552097916603,0.12683280745141856,0.22453849538786175,0.0009372456,5.0,0.0
593,0.02029944211244583,0.3544716897211156,0.2245855484798185,0.0021823396,5.0,0.0
594,0.01960640400648117,0.16893567919736008,0.2246104283612271,0.0036840078,5.0,0.0
595,0.020401231944561005,0.3724702057460866,0.22463967834044166,0.0022811142,5.0,0.0
596,0.019476843997836113,0.12551623445305332,0.2246677597475401,0.0028879028,5.0,0.0
597,0.01865655928850174,-0.09270058708345935,0.2247483030128432,0.004450758,5.0,0.0
598,0.019137615337967873,0.030380693381674984,0.2248188281282289,0.0052320547,5.0,0.0
599,0.019117649644613266,0.017937108969662274,0.22485435334684406,0.0021230688,5.0,0.0
600,0.018568284809589386,-0.12890321107097286,0.22484986431250523,0.0033693684,5.0,0.0
601,0.017376895993947983,-0.44341531052916744,0.22482548684614698,0.004864878,5.0,0.0
602,0.017900383099913597,-0.3096204534173627,0.22478252050105588,0.0053078267,5.0,0.0
603,0.01792212389409542,-0.3108850938406474,0.2247154751882195,0.0021084887,5.0,0.0
604,0.01848471909761429,-0.16709366999403258,0.22461882060686028,0.00262006,5.0,0.0
605,0.015744997188448906,-0.8853530071203584,0.22455000016654494,0.003548573,5.0,0.0
606,0.01681959442794323,-0.6096990385135587,0.2244781935315636,0.0020883572,5.0,0.0
607,0.015568731352686882,-0.9382850272512608,0.22440113430440872,0.0030473869,5.0,0.0
608,0.014290433377027512,-1.2734086970462437,0.22433396901246305,0.00408871,5.0,0.0
609,0.012822677381336689,-1.6581195492908207,0.2242980196761232,0.004324515,5.0,0.0
610,0.010864373296499252,-2.1726890892527844,0.2242971467281982,0.0016797084,5.0,0.0
611,0.008805283345282078,-2.707330949741453,0.22434572581447346,0.0043568737,5.0,0.0
612,0.008026909083127975,-2.9118466725633687,0.22438722857339405,0.0037505687,5.0,0.0
613,0.006787807215005159,-3.237718610904494,0.22444601696050342,0.0010186136,5.0,0.0
614,0.006212695501744747,-3.3868984646214657,0.22449717415260714,0.002322185,5.0,0.0
615,0.004720875062048435,-3.77350344784224,0.22460664631770189,0.0034598447,5.0,0.0
616,0.003808931214734912,-4.013146142711754,0.22469779136790347,0.0008450488,5.0,0.0
617,0.002379072830080986,-4.3815798727836475,0.22478781071690795,0.00303704,5.0,0.0
618,0.0028059841133654118,-4.272339353026712,0.22484920038502484,0.0024189344,5.0,0.0
619,0.0026012128219008446,-4.3238353081273555,0.2248822470972716,0.004375769,5.0,0.0
620,0.0019618351943790913,-4.489032560817987,0.2248911863327163,0.0047018016,5.0,0.0
621,0.0010620302055031061,-4.722975716685632,0.22487517703333573,0.0031751625,5.0,0.0
622,0.00012917642015963793,-4.964440086386614,0.22483646197786092,0.002277435,5.0,0.0
623,0.0010163950501009822,-4.734130130568983,0.22478277574249614,0.004200572,5.0,0.0
624,0.0009084524353966117,-4.763167215418411,0.2247175715318586,0.0031375424,5.0,0.0
625,-0.0012154728174209595,-5.306320692417994,0.2246485352052224,0.0061073173,5.0,0.0
626,0.0009484532056376338,-4.751792761239354,0.22456615004962888,0.004607035,5.0,0.0
627,-0.0005858594086021185,-5.14735747012933,0.22450005153848526,0.0029954806,5.0,0.0
628,-7.811479736119509e-05,-5.016544391329286,0.22442487827418442,0.0034868836,5.0,0.0
629,0.00021578100859187543,-4.9392674613221725,0.2243575754403825,0.005442715,5.0,0.0
630,-0.0018025822937488556,-5.457377945242495,0.22435473872618258,0.004134916,5.0,0.0
631,-0.000506269047036767,-5.126351960202738,0.22438401054424045,0.003165083,5.0,0.0
632,-0.0021033675875514746,-5.533977548511163,0.22442816328275278,0.0036947548,5.0,0.0
633,-0.004939437843859196,-6.2582664394614245,0.22450380918118273,0.0033786185,5.0,0.0
634,-0.0053398399613797665,-6.359885413452157,0.2245915775265079,0.0029558737,5.0,0.0
635,-0.004953665193170309,-6.259468811628532,0.2246787116143607,0.0038165676,5.0,0.0
636,-0.006571868900209665,-6.670642214078384,0.224755825417387,0.003999918,5.0,0.0
637,-0.006831288803368807,-6.736159022331655,0.22483985817681063,0.0032223442,5.0,0.0
638,-0.007413719315081835,-6.881994438707323,0.22488388679542531,0.0042072632,5.0,0.0
639,-0.008807744830846786,-7.237136177515313,0.2248892455153103,0.0019853716,5.0,0.0
640,-0.007470531854778528,-6.894083781537608,0.22485588541194412,0.0036116894,5.0,0.0
641,-0.006899225525557995,-6.7471546360695775,0.22479820115696053,0.0040572765,5.0,0.0
642,-0.007753952406346798,-6.962928004766375,0.22473843723384584,0.0037184216,5.0,0.0
643,-0.009468864649534225,-7.3962610918281575,0.2246580076914916,0.0034981375,5.0,0.0
644,-0.010630584321916103,-7.689379336666205,0.2245696183111735,0.002746763,5.0,0.0
645,-0.011830450035631657,-7.989444160233158,0.22449118456366476,0.0042706337,5.0,0.0
646,-0.01157586369663477,-7.924774849203328,0.22441312886822137,0.0023142844,5.0,0.0
647,-0.011114023625850677,-7.805488173411382,0.2243197316776072,0.0027233453,5.0,0.0
648,-0.010254780761897564,-7.586517142342888,0.22424627028259117,0.0026710907,5.0,0.0
649,-0.010365488938987255,-7.612385776373243,0.2242082005412042,0.0028360356,5.0,0.0
650,-0.009721833281219006,-7.448517998115064,0.22418263056477689,0.0025271203,5.0,0.0
651,-0.009963508695363998,-7.505788845985073,0.22415879573245936,0.004379871,5.0,0.0
652,-0.009813408367335796,-7.468041902763262,0.22414200090727854,0.002550565,5.0,0.0
653,-0.009359939023852348,-7.352098465704393,0.22415954502588883,0.002669249,5.0,0.0
654,-0.010447745211422443,-7.623916971200365,0.22423302813813625,0.0026894743,5.0,0.0
655,-0.009253247641026974,-7.319633757706113,0.22432181001296042,0.005068292,5.0,0.0
656,-0.010395254008471966,-7.607648722614268,0.22442204679792052,0.0021840017,5.0,0.0
657,-0.008670607581734657,-7.171164539073599,0.22452054496252807,0.0042143436,5.0,0.0
658,-0.007862505502998829,-6.968400153690643,0.22459235310123082,0.00292182,5.0,0.0
659,-0.007594154682010412,-6.901076217234389,0.2246398962953546,0.0017122428,5.0,0.0
660,-0.006793855689466,-6.696947672362591,0.22466274942746084,0.0042119105,5.0,0.0
661,-0.006637432146817446,-6.656909205156325,0.2246615290611071,0.004014531,5.0,0.0
662,-0.0055494545958936214,-6.384901569972401,0.22463454966717986,0.0028882576,5.0,0.0
663,-0.005335215013474226,-6.329554169332008,0.22458243799919345,0.0038197618,5.0,0.0
664,-0.007005827501416206,-6.746664406163602,0.22451419906156053,0.0031399166,5.0,0.0
665,-0.005480555351823568,-6.363243360460458,0.2244334881501902,0.004761472,5.0,0.0
666,-0.004006470553576946,-5.994799223409119,0.22433913647311288,0.0046496345,5.0,0.0
667,-0.004793585278093815,-6.191621898718816,0.22424608178429137,0.003459458,5.0,0.0
668,-0.0037536718882620335,-5.930514612852155,0.22417188306052552,0.0047493735,5.0,0.0
669,-0.002475561574101448,-5.613196767599929,0.2241043175113164,0.0032486322,5.0,0.0
670,-0.00012448902998585254,-5.02645456267603,0.22409850899210218,0.004526511,5.0,0.0
671,0.003393629565834999,-4.154417294074605,0.2241190319378954,0.0015201682,5.0,0.0
672,0.003510262817144394,-4.124636390499467,0.22415785105978053,0.0028042928,5.0,0.0
673,0.004787880927324295,-3.807421141879472,0.22422182043250188,0.0031355943,5.0,0.0
674,0.00554259680211544,-3.6205908205629718,0.22428235215567208,0.00328212,5.0,0.0
675,0.005735664162784815,-3.572992023229138,0.22433795216799454,0.0037832516,5.0,0.0
676,0.005000845063477755,-3.7570011984591063,0.22441686699909766,0.0028392142,5.0,0.0
677,0.0049958741292357445,-3.7583546451582657,0.2245142715583864,0.0034473587,5.0,0.0
678,0.003413582919165492,-4.151334240333829,0.22458587535607208,0.0031264927,5.0,0.0
679,0.004021015949547291,-3.9999505544036085,0.2246263646829447,0.004634727,5.0,0.0
680,0.003581011202186346,-4.1086953041658685,0.2246280135819639,0.0053342455,5.0,0.0
681,0.00358247896656394,-4.1103397175834555,0.22459062569880822,0.003845801,5.0,0.0
682,0.0033374764025211334,-4.171324359830003,0.22454572894942162,0.0039236164,5.0,0.0
683,0.0017443849937990308,-4.5655507879729935,0.22452567412577093,0.0036306821,5.0,0.0
684,5.3136023780098185e-05,-4.981935807138807,0.22450908800007746,0.004948558,5.0,0.0
685,0.0018299849471077323,-4.546048489624532,0.22448726808380462,0.002514871,5.0,0.0
686,0.001963832648470998,-4.510502405832839,0.22448334059935884,0.0053212414,5.0,0.0
687,0.0019431599648669362,-4.518178235867268,0.22447368909261042,0.0030172735,5.0,0.0
688,0.0028356481343507767,-4.297913566946379,0.2244598917194609,0.0037686343,5.0,0.0
689,0.0022686640731990337,-4.437663963792818,0.22444265462636134,0.0039652744,5.0,0.0
690,0.0028499984182417393,-4.2961827247722795,0.22442659867186157,0.0027666816,5.0,0.0
691,0.0033611690159887075,-4.170284550172182,0.22439977572734898,0.003396504,5.0,0.0
692,0.00321255624294281,-4.208311495353459,0.22436551470806712,0.0023540654,5.0,0.0
693,0.003613481530919671,-4.110503889909883,0.22433535595572263,0.0021574376,5.0,0.0
694,0.0041525838896632195,-3.9775677226350226,0.22432037100611377,0.0032889773,5.0,0.0
695,0.003377503016963601,-4.169181362530597,0.22432190409996985,0.0023686162,5.0,0.0
696,0.002194017171859741,-4.458041784306463,0.22431451091342045,0.004103545,5.0,0.0
697,0.002544891554862261,-4.373483883581692,0.22432438342481653,0.0029979367,5.0,0.0
698,0.004300388973206282,-3.9434152136526985,0.22433666555176515,0.003550368,5.0,0.0
699,0.003370861755684018,-4.172479089187275,0.22436872245781003,0.0025643432,5.0,0.0
700,0.004455045331269503,-3.9075671715807503,0.22440246416525397,0.0027563588,5.0,0.0
701,0.0036072900984436274,-4.115396743459981,0.2244373325973843,0.0027788721,5.0,0.0
702,0.0025497772730886936,-4.371739684743553,0.224511700697079,0.005301382,5.0,0.0
703,0.0019107394618913531,-4.529969844942194,0.22457198581318707,0.0034614855,5.0,0.0
704,0.001989644253626466,-4.510519020909862,0.22461755215660598,0.0039161895,5.0,0.0
705,0.002403930062428117,-4.411269420551839,0.22463538831180005,0.0023875725,5.0,0.0
706,0.0020871676970273256,-4.487822861888244,0.22463173076837165,0.003378202,5.0,0.0
707,0.0031277325470000505,-4.233881446778081,0.2245943125219943,0.0040787305,5.0,0.0
708,0.004833327140659094,-3.8220956997674085,0.2245549775647652,0.0009667325,5.0,0.0
709,0.005240814760327339,-3.722012184059764,0.22450053632462624,0.0025334847,5.0,0.0
710,0.004376217257231474,-3.931660998761008,0.22444922759766134,0.0038921635,5.0,0.0
711,0.006162184290587902,-3.4990409097900024,0.22438784448068538,0.0029370105,5.0,0.0
712,0.00690738158300519,-3.31818582622774,0.224323795335558,0.0035713355,5.0,0.0
713,0.009609892033040524,-2.6646075498838044,0.22426118435370854,0.0018467645,5.0,0.0
714,0.011134462431073189,-2.295277916629715,0.22421045282866556,0.0024955892,5.0,0.0
715,0.013276061974465847,-1.7774036737954608,0.22416255801697413,0.0024604525,5.0,0.0
716,0.015087036415934563,-1.3383984692895423,0.22413131493095248,0.0043171276,5.0,0.0
717,0.015867721289396286,-1.1533358273668748,0.22411289487215294,0.002370755,5.0,0.0
718,0.01574118621647358,-1.1833543135969515,0.22411052301220738,0.0052499156,5.0,0.0
719,0.01682215929031372,-0.9257403022613908,0.22412362226825325,0.0035482014,5.0,0.0
720,0.01748158223927021,-0.7687939285096895,0.22416057157619726,0.003462145,5.0,0.0
721,0.01749880239367485,-0.7671495379519416,0.22421849206400443,0.0035061208,5.0,0.0
722,0.017027797177433968,-0.8851645539719594,0.22428518951639068,0.0018449082,5.0,0.0
723,0.017300454899668694,-0.8202654341680354,0.22434401292387002,0.0034598676,5.0,0.0
724,0.017476869747042656,-0.7799849879055326,0.2244128879762819,0.0037740471,5.0,0.0
725,0.020154966041445732,-0.1378212031270809,0.22448144850100799,0.002903141,5.0,0.0
726,0.018966980278491974,-0.4257819196405721,0.22453801318174268,0.0042487755,5.0,0.0
727,0.01863790862262249,-0.5093439805089334,0.22456805141317998,0.0028293433,5.0,0.0
728,0.01796184666454792,-0.6734485670942258,0.22457310389010318,0.0042808508,5.0,0.0
729,0.018980519846081734,-0.4331339093385095,0.22456346715893,0.002405379,5.0,0.0
730,0.018692627549171448,-0.504584442510142,0.2245506791245659,0.0030956217,5.0,0.0
731,0.018431903794407845,-0.5709965828840091,0.22452152808281878,0.0022216234,5.0,0.0
732,0.018305446952581406,-0.6021292688267871,0.2244828506378478,0.0043305047,5.0,0.0
733,0.01581558771431446,-1.2015195208950336,0.2244265067518915,0.0050235074,5.0,0.0
734,0.017716988921165466,-0.7498842099773473,0.22438209580079557,0.0033890717,5.0,0.0
735,0.016290681436657906,-1.096002702257945,0.2244022883601626,0.0017247235,5.0,0.0
736,0.015874037519097328,-1.196556939316723,0.224429457852227,0.0034828652,5.0,0.0
737,0.016422176733613014,-1.0676468904156216,0.22444760058929394,0.0037774702,5.0,0.0
738,0.015707053244113922,-1.2411365587033236,0.2244662538690852,0.0038505967,5.0,0.0
739,0.016836857423186302,-0.9740178545932648,0.2244821301874351,0.0035429194,5.0,0.0
740,0.017889605835080147,-0.7248636210797216,0.2244892242020163,0.0040280507,5.0,0.0
741,0.020289454609155655,-0.15648555050755408,0.22454746725383043,0.0026724197,5.0,0.0
742,0.020935816690325737,-0.005336720809365203,0.22457731750527926,0.002937871,5.0,0.0
743,0.020867595449090004,-0.02264201439255986,0.22462145130905944,0.0052214004,5.0,0.0
744,0.019810471683740616,-0.28007290405161755,0.22463856278589087,0.0028264786,5.0,0.0
745,0.018733514472842216,-0.5400263607551609,0.22462553943781746,0.0022913455,5.0,0.0
746,0.01814020425081253,-0.6846153652987491,0.22459869003080865,0.0017664449,5.0,0.0
747,0.018248340114951134,-0.6605301085239879,0.22456954960195802,0.0030377815,5.0,0.0
748,0.017353158444166183,-0.8765136163720044,0.2245330857087168,0.0025343033,5.0,0.0
749,0.017387107014656067,-0.8696997418067287,0.22447362010879693,0.0040412247,5.0,0.0
750,0.015006436966359615,-1.437675567551172,0.2244173371789284,0.0034137233,5.0,0.0
751,0.015399870462715626,-1.3478372585938592,0.2243740161391933,0.0023776656,5.0,0.0
752,0.01495218276977539,-1.4566451845964001,0.2243148886515871,0.0020291342,5.0,0.0
753,0.014402678236365318,-1.5871295829830019,0.22426728545498226,0.003956941,5.0,0.0
754,0.013779137283563614,-1.739481033159046,0.2241995197036745,0.0013524361,5.0,0.0
755,0.013491763733327389,-1.8064100987674747,0.22414373782600022,0.004509485,5.0,0.0
756,0.01289341039955616,-1.9508589327196098,0.2241079360342332,0.003510552,5.0,0.0
757,0.011288352310657501,-2.3309943550355037,0.224089489922774,0.0042764256,5.0,0.0
758,0.011405550874769688,-2.3075274227745552,0.2241054309575956,0.0018533615,5.0,0.0
759,0.010724821127951145,-2.468099813434516,0.22413210026429603,0.0035344916,5.0,0.0
760,0.008039011619985104,-3.101962951639753,0.2242011714718006,0.004094862,5.0,0.0
761,0.005568900611251593,-3.6848858789368526,0.2242719131249799,0.003977074,5.0,0.0
762,0.004896118771284819,-3.846073149734244,0.2243123588843664,0.0019452213,5.0,0.0
763,0.005235150456428528,-3.7683798414928082,0.2243356997008637,0.0006771648,5.0,0.0
764,0.004974222742021084,-3.8269233008352694,0.2243259272347927,0.004251415,5.0,0.0
765,0.004183637909591198,-4.012986188794282,0.22428188595525625,0.004599923,5.0,0.0
766,0.005345804151147604,-3.742648558546086,0.22423582704588185,0.0028539493,5.0,0.0
767,0.004872411023825407,-3.8533957295788097,0.2241663585207355,0.0039434778,5.0,0.0
768,0.002866208553314209,-4.3250732709176205,0.22411906171604729,0.0031912534,5.0,0.0
769,0.0025208638980984688,-4.406797872709076,0.2241021921760582,0.0027870599,5.0,0.0
770,0.004049551673233509,-4.049502264400623,0.22410285671013636,0.0026624745,5.0,0.0
771,0.00688467500731349,-3.3872374981140654,0.2241354436557169,0.002385153,5.0,0.0
772,0.005598247051239014,-3.687760945511251,0.22419497635804697,0.003614888,5.0,0.0
773,0.006387636996805668,-3.5051126125083822,0.22424981720632023,0.0027040942,5.0,0.0
774,0.006198012735694647,-3.5499206459951167,0.22431672981944303,0.0031283018,5.0,0.0
775,0.0038702578749507666,-4.092014435333469,0.22437419634084457,0.005040879,5.0,0.0
776,0.005653343163430691,-3.6773893112965887,0.2244341905149672,0.0045151366,5.0,0.0
777,0.00532537093386054,-3.756177637679117,0.22448802359988934,0.0029928877,5.0,0.0
778,0.006105994340032339,-3.574496668228358,0.2245304463479234,0.0036993157,5.0,0.0
779,0.005539636127650738,-3.7060188043742253,0.22455814282589173,0.0048827366,5.0,0.0
780,0.00659251119941473,-3.462965354446637,0.22456729502695558,0.003909197,5.0,0.0
781,0.007254523690789938,-3.308563384463517,0.22454322828247916,0.005435103,5.0,0.0
782,0.007220949977636337,-3.320550114478335,0.22450996462562553,0.0023224438,5.0,0.0
783,0.006766820326447487,-3.4267793285577137,0.2244477954147443,0.002570692,5.0,0.0
784,0.008909066207706928,-2.9306736767563404,0.2243973652601618,0.0027554375,5.0,0.0
785,0.009580057114362717,-2.7755530448033556,0.2243584460688302,0.0036445004,5.0,0.0
786,0.009138678200542927,-2.8799926497916073,0.2243082161129664,0.0028688228,5.0,0.0
787,0.00865357555449009,-2.993514505794659,0.22426029340902684,0.0030017826,5.0,0.0
788,0.00905647873878479,-2.900460460224588,0.22422541636837665,0.0041038487,5.0,0.0
789,0.007874120958149433,-3.1764424922801906,0.22420490518973227,0.0028421553,5.0,0.0
790,0.008786175400018692,-2.9668117172251125,0.22420371765492234,0.002864773,5.0,0.0
791,0.007779113482683897,-3.2001102447686005,0.22420710674654556,0.0034147426,5.0,0.0
792,0.005578942131251097,-3.7083621820754864,0.22427021591217067,0.004072859,5.0,0.0
793,0.003669500118121505,-4.150661823600771,0.22436583553922784,0.00298674,5.0,0.0
794,0.001403889968059957,-4.671196656522506,0.22448289300275975,0.0052066618,5.0,0.0
795,-0.00019772381347138435,-5.040860399226424,0.2245817216683865,0.0046863775,5.0,0.0
796,-0.0006158187752589583,-5.13911134025595,0.22466383330458825,0.002657238,5.0,0.0
797,-0.0005897359224036336,-5.132330982992109,0.2247121470582989,0.0033483447,5.0,0.0
798,-0.0012461201986297965,-5.281664733946395,0.2247290809109162,0.0048492886,5.0,0.0
799,-0.00035499955993145704,-5.077652166769059,0.22473582527610517,0.0039204317,5.0,0.0
800,-0.0002285368973389268,-5.05086807481743,0.22470912199333512,0.0016131669,5.0,0.0
801,0.0007195301004685462,-4.831217694300366,0.22465697101543566,0.0036512448,5.0,0.0
802,0.0017935839714482427,-4.584323596992096,0.22460955966530466,0.0043048603,5.0,0.0
803,0.002576202852651477,-4.406715153255567,0.22456541094267504,0.0027766358,5.0,0.0
804,-9.691605373518541e-05,-5.017204950820073,0.22448775892963346,0.0049962155,5.0,0.0
805,-0.0019348253263160586,-5.440510076714506,0.22442145558920817,0.0024423106,5.0,0.0
806,-0.002585598034784198,-5.588356720154578,0.22436346996162104,0.0032219698,5.0,0.0
807,-0.004394090734422207,-6.001324778536279,0.22435238999276544,0.0034254163,5.0,0.0
808,-0.0030696680769324303,-5.6980865477992975,0.22435747494215633,0.0033997656,5.0,0.0
809,-0.003153281519189477,-5.717101780335771,0.22434034741885794,0.0030607944,5.0,0.0
810,-0.000985888415016234,-5.223095810062348,0.2243158168876211,0.0019322374,5.0,0.0
811,0.0006584543152712286,-4.846198497359191,0.2242606579129778,0.0035992062,5.0,0.0
812,0.0016515752067789435,-4.622160649045415,0.22421177607161563,0.0013158706,5.0,0.0
813,0.003880445146933198,-4.11382665512633,0.22417840286349824,0.0020380917,5.0,0.0
814,0.0046394262462854385,-3.9409869008719816,0.22414356740611985,0.0025716773,5.0,0.0
815,0.004123975522816181,-4.059077922961841,0.22410736179866333,0.0024059163,5.0,0.0
816,0.0034352773800492287,-4.216292194545584,0.2240683484219579,0.002381169,5.0,0.0
817,0.004653780721127987,-3.938155747241698,0.22403238573966036,0.003998224,5.0,0.0
818,0.0030522202141582966,-4.304234548449526,0.2239996132106059,0.002373542,5.0,0.0
819,0.000854676531162113,-4.800955996091955,0.22398991370578072,0.0049947295,5.0,0.0
820,0.0013510972494259477,-4.68985203088898,0.22397203947153285,0.003567057,5.0,0.0
821,0.001010594773106277,-4.7686791411736404,0.22398025795692925,0.0021366281,5.0,0.0
822,0.0003742698463611305,-4.912454284223059,0.22398563751162215,0.0027170407,5.0,0.0
823,-0.0008566980250179768,-5.188796011708699,0.22401307895258676,0.0052644205,5.0,0.0
824,-0.0013044687220826745,-5.290601515198571,0.22409708372799222,0.0047202953,5.0,0.0
825,-0.0007262576255016029,-5.16188760284475,0.22419053207608097,0.0024384197,5.0,0.0
826,-0.0022268258035182953,-5.500138241835637,0.22426133956472155,0.0034286955,5.0,0.0
827,-0.002130168257281184,-5.478338746781053,0.22433465707673744,0.0031005093,5.0,0.0
828,-0.003912570886313915,-5.882358719293962,0.22438191986128317,0.0014295395,5.0,0.0
829,-0.002879984909668565,-5.647567457508703,0.22440454080423086,0.0026164309,5.0,0.0
830,-0.001804620143957436,-5.404121513006774,0.22439533314303187,0.0030647556,5.0,0.0
831,-0.0020574915688484907,-5.46210504368469,0.22434787389213998,0.0018845926,5.0,0.0
832,-0.0016726173926144838,-5.374102038737186,0.22426023535872475,0.0028890986,5.0,0.0
833,-0.004705349914729595,-6.056082059232789,0.22420996666679144,0.0038857644,5.0,0.0
834,-0.0033559235744178295,-5.752424379099411,0.22415997625379236,0.003156219,5.0,0.0
835,-0.005207972135394812,-6.166127353473064,0.22416592103398408,0.0058184215,5.0,0.0
836,-0.00614080298691988,-6.37882392448344,0.22417147751668848,0.002311862,5.0,0.0
837,-0.005926361307501793,-6.330761478021141,0.2241724965486736,0.0014525078,5.0,0.0
838,-0.005360851529985666,-6.1997266350307525,0.22419680844551088,0.0047450615,5.0,0.0
839,-0.005654288921505213,-6.267240076815797,0.22421850101740393,0.002514918,5.0,0.0
840,-0.0036795558407902718,-5.821797239100035,0.22425921421788747,0.004085602,5.0,0.0
841,-0.003931819461286068,-5.8769019052985065,0.22428022113108306,0.005161259,5.0,0.0
842,-0.0004621370753739029,-5.10070649074601,0.22434003741974848,0.002917744,5.0,0.0
843,-0.0013870993861928582,-5.306927748150933,0.2243902245371204,0.003945926,5.0,0.0
844,0.001394415507093072,-4.684536943761613,0.22446921315075388,0.0031031538,5.0,0.0
845,0.000791557424236089,-4.818973367656104,0.22452882532588808,0.00379829,5.0,0.0
846,0.0011677725706249475,-4.735427611683718,0.22456750073842252,0.0032373662,5.0,0.0
847,0.002873732941225171,-4.354443419066212,0.2245896560879712,0.002757946,5.0,0.0
848,0.0011792549630627036,-4.732676780491024,0.22462361332292152,0.0036741602,5.0,0.0
849,0.0008008950389921665,-4.816664761826683,0.22463696791694254,0.0043631964,5.0,0.0
850,-0.0004395038413349539,-5.094742486560707,0.2246435763168355,0.0034242934,5.0,0.0
851,0.0003164373629260808,-4.926544836251004,0.22462065081506666,0.0028099124,5.0,0.0
852,0.001580861397087574,-4.641025234955465,0.22465357586648224,0.0062116776,5.0,0.0
853,-0.0003685159608721733,-5.078206183604592,0.22467328415732352,0.0039879866,5.0,0.0
854,-0.000514249608386308,-5.110491585791007,0.22467547302147767,0.0041534565,5.0,0.0
855,0.0005267061642371118,-4.880611660479373,0.22466869038327966,0.0020209677,5.0,0.0
856,-0.0002287015231559053,-5.0483404571411565,0.22467636682161082,0.00259812,5.0,0.0
857,0.0009819280821830034,-4.778647342777373,0.22469717583396295,0.0027491294,5.0,0.0
858,0.00030663583311252296,-4.92711418261238,0.2246949921934232,0.0046517737,5.0,0.0
859,0.0014653305988758802,-4.6698570262966586,0.2246916038541658,0.0042197774,5.0,0.0
860,0.0007087044650688767,-4.840217056901672,0.22468122288019834,0.0022224837,5.0,0.0
861,-0.003107992699369788,-5.686722327493538,0.2247040828334456,0.0039409427,5.0,0.0
862,-0.004055568482726812,-5.896517967421411,0.22471583267529008,0.0043152925,5.0,0.0
863,-0.0057227723300457,-6.266218085267116,0.2247320749640345,0.0043795505,5.0,0.0
864,-0.007220583036541939,-6.600011866828362,0.2247331905439602,0.002442053,5.0,0.0
865,-0.008982722647488117,-6.98941660646768,0.22471521963172886,0.0032576816,5.0,0.0
866,-0.009249848313629627,-7.048052847533418,0.22467169356372782,0.0030218062,5.0,0.0
867,-0.013288219459354877,-7.940566649597066,0.2246630600996319,0.004781955,5.0,0.0
868,-0.01050653401762247,-7.324070273764111,0.22466517710508,0.003786871,5.0,0.0
869,-0.01059993077069521,-7.343009772500797,0.22463963431526301,0.004626099,5.0,0.0
870,-0.012597732245922089,-7.784648788773662,0.22460801845563108,0.0043956437,5.0,0.0
871,-0.013374142348766327,-7.957163452139773,0.22455104628607167,0.0026839953,5.0,0.0
872,-0.01579592190682888,-8.491135381323915,0.22448510145779457,0.0034386609,5.0,0.0
873,-0.017522020265460014,-8.873674594119322,0.2244559202221127,0.0014492057,5.0,0.0
874,-0.0173975620418787,-8.842221250736706,0.22439941483994857,0.0041240077,5.0,0.0
875,-0.017533132806420326,-8.87191984524395,0.22435849613630265,0.003192619,5.0,0.0
876,-0.017340751364827156,-8.828098096283835,0.2243161397723493,0.0033608223,5.0,0.0
877,-0.015911413356661797,-8.510654463043943,0.22430978931357118,0.003998537,5.0,0.0
878,-0.01645030453801155,-8.62858025093248,0.2242819841299925,0.0041361307,5.0,0.0
879,-0.016984926536679268,-8.744704397825945,0.22424195590163462,0.005125274,5.0,0.0
880,-0.019349904730916023,-9.266594312989234,0.2242510213715557,0.004357485,5.0,0.0
881,-0.018755989149212837,-9.134680086781907,0.22425573901956983,0.0042783283,5.0,0.0
882,-0.02178638055920601,-9.80222798886883,0.22424765002860675,0.0045065978,5.0,0.0
883,-0.02246563322842121,-9.952216765965819,0.2242282285156699,0.0035020604,5.0,0.0
884,-0.020275410264730453,-9.46939433002225,0.22420419699332023,0.002472579,5.0,0.0
885,-0.019197896122932434,-9.23000788802461,0.22421796572795716,0.003612247,5.0,0.0
886,-0.022217070683836937,-9.894816518984593,0.22422843367237758,0.0040243533,5.0,0.0
887,-0.024634450674057007,-10.424374678331267,0.22422297328561755,0.0069784876,5.0,0.0
888,-0.02541888691484928,-10.599558325932733,0.22421008664348233,0.0043515638,5.0,0.0
889,-0.025460053235292435,-10.608803874732203,0.22420382038203618,0.003929383,5.0,0.0
890,-0.025852609425783157,-10.695781402505697,0.22418536293973393,0.0033829429,5.0,0.0
891,-0.02651210129261017,-10.840183245615364,0.22415297501648174,0.0044114697,5.0,0.0
892,-0.026916733011603355,-10.930619146443805,0.22412416545534297,0.00338767,5.0,0.0
893,-0.027008863165974617,-10.951982989294493,0.22408267936302212,0.0027125445,5.0,0.0
894,-0.027160046622157097,-10.984556577761998,0.22403132235817105,0.0040216506,5.0,0.0
895,-0.02562718093395233,-10.646443996655334,0.22400881895603122,0.0048195575,5.0,0.0
896,-0.025317758321762085,-10.580485117185276,0.22400297285333093,0.003353873,5.0,0.0
897,-0.02398683689534664,-10.286851303008618,0.22400342009164184,0.0043510483,5.0,0.0
898,-0.024097865447402,-10.313128806631322,0.22398602000619136,0.003601293,5.0,0.0
899,-0.02292732521891594,-10.055580821099683,0.22397329432734525,0.003996567,5.0,0.0
900,-0.020433953031897545,-9.505691781390087,0.22398376556776245,0.00472581,5.0,0.0
901,-0.02002626657485962,-9.416464604000002,0.22399735620749672,0.00510475,5.0,0.0
902,-0.01905101165175438,-9.203907725069058,0.22399931400778267,0.0034980527,5.0,0.0
903,-0.016308369114995003,-8.597877106773094,0.22398864684254277,0.0048639737,5.0,0.0
904,-0.01584218256175518,-8.496986769778585,0.22398423711979845,0.0038309395,5.0,0.0
905,-0.017167745158076286,-8.790924236088543,0.22398609193053906,0.0040287673,5.0,0.0
906,-0.018117932602763176,-9.001998911729176,0.22397605163958495,0.0043390975,5.0,0.0
907,-0.017618248239159584,-8.891752731874508,0.22397033761620172,0.0054611997,5.0,0.0
908,-0.017129341140389442,-8.785852240834197,0.2239570414455671,0.004601705,5.0,0.0
909,-0.017604811117053032,-8.892158312205634,0.22395683620339737,0.0049962043,5.0,0.0
910,-0.016722779721021652,-8.697448881551592,0.22397746721371356,0.0059159035,5.0,0.0
911,-0.019195470958948135,-9.249800779595475,0.22398691002333307,0.0029124643,5.0,0.0
912,-0.019035223871469498,-9.215421627328107,0.2240090140916762,0.003602338,5.0,0.0
913,-0.02055920474231243,-9.55510141475574,0.22401794305622513,0.0037500816,5.0,0.0
914,-0.02160664089024067,-9.788208269680826,0.2240241737306693,0.0051545007,5.0,0.0
915,-0.021654702723026276,-9.800676835353128,0.2240158004435757,0.005703788,5.0,0.0
916,-0.023081043735146523,-10.121811638427042,0.223985711533461,0.0037805869,5.0,0.0
917,-0.023854346945881844,-10.294866301361823,0.22393810100616204,0.0052954894,5.0,0.0
918,-0.020627984777092934,-9.581152049306652,0.22389493824289622,0.004691657,5.0,0.0
919,-0.019131841138005257,-9.250315805656856,0.22388555328464274,0.005345277,5.0,0.0
920,-0.01725923828780651,-8.837408805339313,0.22388159917389774,0.003953919,5.0,0.0
921,-0.018269052729010582,-9.065014366897023,0.22386857826285736,0.0035325857,5.0,0.0
922,-0.016622457653284073,-8.700760541039548,0.22384470068319967,0.0033430099,5.0,0.0
923,-0.016938433051109314,-8.772907792856458,0.22381665958668456,0.0039519193,5.0,0.0
924,-0.017226751893758774,-8.83915775626888,0.2238093629239895,0.0044231373,5.0,0.0
925,-0.019786279648542404,-9.41351159848905,0.2237771562406837,0.004010558,5.0,0.0
926,-0.017359735444188118,-8.875474992576377,0.22376798305691178,0.002856045,5.0,0.0
927,-0.017290597781538963,-8.861540986136035,0.22378405017705813,0.0039443998,5.0,0.0
928,-0.015466440469026566,-8.457674594491287,0.2238163321100656,0.002359532,5.0,0.0
929,-0.01635880023241043,-8.657744898422914,0.22382634162253373,0.0044525005,5.0,0.0
930,-0.01346092764288187,-8.013016829428594,0.22384563612660172,0.0025410415,5.0,0.0
931,-0.012317068874835968,-7.757501770921244,0.22388956631509557,0.00373616,5.0,0.0
932,-0.010565449483692646,-7.365478636076062,0.22393699376562567,0.004739001,5.0,0.0
933,-0.010865608230233192,-7.4345936161561434,0.2239918133075506,0.0046674763,5.0,0.0
934,-0.011321406811475754,-7.539098257190041,0.2240416054019148,0.0042698435,5.0,0.0
935,-0.011720078065991402,-7.631495802842142,0.22407311393591078,0.0032860932,5.0,0.0
936,-0.015397584065794945,-8.459655755829049,0.22406813276996693,0.0043245642,5.0,0.0
937,-0.01550702378153801,-8.48760943403873,0.22402372692761882,0.0034992907,5.0,0.0
938,-0.014681441709399223,-8.304403959528972,0.2239413667626489,0.0032371436,5.0,0.0
939,-0.015618445351719856,-8.518622706409074,0.22382479566795355,0.0026984492,5.0,0.0
940,-0.015463585965335369,-8.483834006819263,0.22367839482847424,0.005152752,5.0,0.0
941,-0.015053998678922653,-8.395011496738213,0.2235536136969768,0.0040977765,5.0,0.0
942,-0.015534644946455956,-8.506907915759726,0.22343600107223152,0.0033722003,5.0,0.0
943,-0.015497026965022087,-8.498471712942852,0.2233505167132655,0.005971711,5.0,0.0
944,-0.014903387986123562,-8.368870936131811,0.22325987510748552,0.0039121597,5.0,0.0
945,-0.013694951310753822,-8.09999395933736,0.2232008242687508,0.0016950505,5.0,0.0
946,-0.012503399513661861,-7.830354858157778,0.2231667945009709,0.0036522644,5.0,0.0
947,-0.013692671433091164,-8.101042529989193,0.2231480270790146,0.004930486,5.0,0.0
948,-0.014599179849028587,-8.310415171599445,0.2231419439915636,0.0037694983,5.0,0.0
949,-0.013730053789913654,-8.11549988155233,0.22320473663902676,0.0038256312,5.0,0.0
950,-0.011034028604626656,-7.503925900610025,0.2233125360518403,0.004852563,5.0,0.0
951,-0.009242482483386993,-7.098893606054258,0.22340799127774635,0.0041814493,5.0,0.0
952,-0.006640627980232239,-6.509368404833404,0.22347603020090465,0.002832543,5.0,0.0
953,-0.007623941637575626,-6.7313997752720125,0.22355484841879106,0.006045928,5.0,0.0
954,-0.006543795112520456,-6.488899991956288,0.223631758879035,0.0035130717,5.0,0.0
955,-0.005614433437585831,-6.278059437293814,0.22370162906226448,0.003352434,5.0,0.0
956,-0.006406622473150492,-6.459584520464995,0.22373984188346666,0.0037100248,5.0,0.0
957,-0.006074585951864719,-6.3846230157524335,0.22376350193791528,0.0038431403,5.0,0.0
958,-0.005959915462881327,-6.359042236415285,0.22378639117001067,0.00419333,5.0,0.0
959,-0.004415356554090977,-6.006212262946176,0.22383529626970342,0.0044450657,5.0,0.0
960,-0.003871115855872631,-5.883082193483546,0.22389499706188346,0.0036172676,5.0,0.0
961,-0.0026282239705324173,-5.597401499130017,0.22396015508462858,0.005017919,5.0,0.0
962,-0.0010777091374620795,-5.242054718587741,0.22401299598374053,0.0051333974,5.0,0.0
963,-0.0011351600987836719,-5.258293735255909,0.22404899034204506,0.002241098,5.0,0.0
964,0.00026840035570785403,-4.934137198121801,0.22407678860711966,0.004222182,5.0,0.0
965,-0.0008391054579988122,-5.189019026224234,0.22408805745694413,0.0038085277,5.0,0.0
966,-0.0002802331291604787,-5.0611014414427,0.22406918566149042,0.0033353406,5.0,0.0
967,-0.0003441434819251299,-5.074826382692882,0.22401925236742237,0.004352422,5.0,0.0
968,-0.0003567923849914223,-5.077413909897882,0.22397163892961272,0.0047220946,5.0,0.0
969,-0.0008608216885477304,-5.194622626378265,0.22392341534191776,0.0036549813,5.0,0.0
970,-0.0022504827938973904,-5.514447402656803,0.22384785123459155,0.00420166,5.0,0.0
971,-0.0035440383944660425,-5.8129647630821015,0.22375150326003213,0.0042375647,5.0,0.0
972,-0.0020806551910936832,-5.478033182286513,0.22364896874597986,0.0019870813,5.0,0.0
973,-0.0012970748357474804,-5.296970463405937,0.223549663853332,0.0024264576,5.0,0.0
974,0.00018999310850631446,-4.9535957615767785,0.22348553752431993,0.0025272542,5.0,0.0
975,0.002481587463989854,-4.423283854463472,0.22344854773351502,0.003342675,5.0,0.0
976,0.002924766857177019,-4.319352907296292,0.22345381418807747,0.0045630755,5.0,0.0
977,0.004036525264382362,-4.062733053999956,0.22346945479572333,0.0037754877,5.0,0.0
978,0.00472967280074954,-3.9015931725470967,0.22350750866278632,0.0041515604,5.0,0.0
979,0.003108448116108775,-4.277748848144358,0.22353102710837588,0.002787561,5.0,0.0
980,0.0013597352663055062,-4.681583584588422,0.22352490635087827,0.0035754968,5.0,0.0
981,0.0016524303937330842,-4.61342138142265,0.22350993735348001,0.0038195187,5.0,0.0
982,0.0025615720078349113,-4.403235617937012,0.2234813604471021,0.0031998055,5.0,0.0
983,0.0022364789620041847,-4.475675046081151,0.22346710229203778,0.0059081013,5.0,0.0
984,0.0028196671046316624,-4.343389811953258,0.22345554339150753,0.0027894524,5.0,0.0
985,0.00374639336951077,-4.127090624345131,0.2234623493426923,0.003920918,5.0,0.0
986,0.005099427420645952,-3.81449416641394,0.22344088516688296,0.002315727,5.0,0.0
987,0.00537856062874198,-3.7484719434023592,0.22343805157712035,0.0032128508,5.0,0.0
988,0.004750403109937906,-3.8911889930354215,0.22345421942170188,0.0059851743,5.0,0.0
989,0.00443838769569993,-3.9654633662851433,0.22345977751444634,0.0038810726,5.0,0.0
990,0.005733034573495388,-3.6651742240961793,0.2234843081958364,0.0032138817,5.0,0.0
991,0.005233656149357557,-3.7797473626380307,0.2234929425553392,0.004356612,5.0,0.0
992,0.005154380574822426,-3.7982398773318824,0.22351258833214663,0.004028614,5.0,0.0
993,0.006238110829144716,-3.5460980501396397,0.22350933135240847,0.0040587015,5.0,0.0
994,0.00801075529307127,-3.134545896312652,0.22352311131417543,0.0032864201,5.0,0.0
995,0.008783482946455479,-2.956584002878487,0.22350790781065277,0.0012936437,5.0,0.0
996,0.009574241004884243,-2.7692770210765993,0.22351727023434825,0.004436561,5.0,0.0
997,0.010753552429378033,-2.494716557049914,0.22355183675956006,0.004465626,5.0,0.0
998,0.009286091662943363,-2.8370451196108037,0.22357108334676942,0.003176795,5.0,0.0
999,0.0071127102710306644,-3.3421022539600886,0.2235745740962398,0.0034570948,5.0,0.0
1000,0.007041462231427431,-3.359121963551759,0.22355173223634678,0.0028817975,5.0,0.0
